Index,tripduration,starttime,stoptime,start station id,start station name,start station latitude,start station longitude,end station id,end station name,end station latitude,end station longitude,bikeid,usertype,birth year,gender
31169,327.0,2016-03-10 09:37:23,2016-03-10 09:42:51,151.0,Cleveland Pl & Spring St,40.72210378668603,-73.99724900722505,293.0,Lafayette St & E 8 St,40.73028666,-73.9907647,23428.0,Subscriber,1987.0,1.0
57709,238.0,2016-03-09 17:01:34,2016-03-09 17:05:33,173.0,Broadway & W 49 St,40.76068327096592,-73.98452728986742,480.0,W 53 St & 10 Ave,40.76669671,-73.99061728,23428.0,Subscriber,1991.0,1.0
98570,329.0,2016-03-08 14:58:21,2016-03-08 15:03:50,247.0,Perry St & Bleecker St,40.73535398,-74.00483091,345.0,W 13 St & 6 Ave,40.73649403,-73.99704374,23428.0,Subscriber,1961.0,1.0
147405,881.0,2016-03-10 13:34:21,2016-03-10 13:49:02,281.0,Grand Army Plaza & Central Park S,40.764397100000004,-73.97371465,529.0,W 42 St & 8 Ave,40.75756989999999,-73.99098507,23428.0,Subscriber,1964.0,1.0
152130,701.0,2016-03-08 17:05:34,2016-03-08 17:17:16,284.0,Greenwich Ave & 8 Ave,40.7390169121,-74.0026376103,463.0,9 Ave & W 16 St,40.74206539,-74.00443172,23428.0,Subscriber,1978.0,1.0
166156,537.0,2016-03-10 10:02:21,2016-03-10 10:11:19,293.0,Lafayette St & E 8 St,40.73028666,-73.9907647,466.0,W 25 St & 6 Ave,40.74395411,-73.99144871,23428.0,Subscriber,1984.0,2.0
175671,984.0,2016-03-08 18:43:56,2016-03-08 19:00:20,297.0,E 15 St & 3 Ave,40.734232,-73.986923,361.0,Allen St & Hester St,40.71605866,-73.99190759,23428.0,Subscriber,1971.0,2.0
179682,931.0,2016-03-10 16:53:53,2016-03-10 17:09:25,300.0,Shevchenko Pl & E 7 St,40.728145,-73.990214,328.0,Watts St & Greenwich St,40.72405549,-74.00965965,23428.0,Subscriber,1973.0,1.0
234813,908.0,2016-03-10 17:11:28,2016-03-10 17:26:37,328.0,Watts St & Greenwich St,40.72405549,-74.00965965,3230.0,Penn Station Valet,40.751283596962296,-73.99692445993422,23428.0,Subscriber,1978.0,1.0
259831,195.0,2016-03-08 15:20:46,2016-03-08 15:24:01,345.0,W 13 St & 6 Ave,40.73649403,-73.99704374,284.0,Greenwich Ave & 8 Ave,40.7390169121,-74.0026376103,23428.0,Subscriber,1961.0,1.0
272274,627.0,2016-03-09 18:21:47,2016-03-09 18:32:14,349.0,Rivington St & Ridge St,40.71850211,-73.98329859,532.0,S 5 Pl & S 4 St,40.710451,-73.960876,23428.0,Subscriber,1991.0,2.0
297867,1392.0,2016-03-08 19:31:19,2016-03-08 19:54:31,361.0,Allen St & Hester St,40.71605866,-73.99190759,515.0,W 43 St & 10 Ave,40.76009437,-73.99461843,23428.0,Subscriber,1986.0,1.0
306647,821.0,2016-03-07 12:30:12,2016-03-07 12:43:53,367.0,E 53 St & Lexington Ave,40.75828065,-73.97069431,478.0,11 Ave & W 41 St,40.76030096,-73.99884222,23428.0,Subscriber,1973.0,1.0
331064,338.0,2016-03-06 07:30:46,2016-03-06 07:36:25,382.0,University Pl & E 14 St,40.73492695,-73.99200509,284.0,Greenwich Ave & 8 Ave,40.7390169121,-74.0026376103,23428.0,Subscriber,1986.0,2.0
339626,1025.0,2016-03-08 18:14:55,2016-03-08 18:32:01,385.0,E 55 St & 2 Ave,40.75797322,-73.96603308,297.0,E 15 St & 3 Ave,40.734232,-73.986923,23428.0,Subscriber,1971.0,2.0
367604,391.0,2016-03-12 12:56:55,2016-03-12 13:03:27,402.0,Broadway & E 22 St,40.740343200000005,-73.98955109,545.0,E 23 St & 1 Ave,40.736502,-73.97809472,23428.0,Subscriber,1996.0,2.0
419656,1654.0,2016-03-08 11:43:47,2016-03-08 12:11:21,435.0,W 21 St & 6 Ave,40.74173969,-73.99415556,450.0,W 49 St & 8 Ave,40.76227205,-73.98788205,23428.0,Subscriber,1982.0,1.0
420517,246.0,2016-03-11 09:51:30,2016-03-11 09:55:36,435.0,W 21 St & 6 Ave,40.74173969,-73.99415556,486.0,Broadway & W 29 St,40.7462009,-73.98855723,23428.0,Subscriber,1979.0,1.0
420770,491.0,2016-03-12 09:30:59,2016-03-12 09:39:10,435.0,W 21 St & 6 Ave,40.74173969,-73.99415556,470.0,W 20 St & 8 Ave,40.74345335,-74.00004031,23428.0,Subscriber,1982.0,1.0
436365,233.0,2016-03-12 14:02:22,2016-03-12 14:06:16,441.0,E 52 St & 2 Ave,40.756014,-73.967416,2017.0,E 43 St & 2 Ave,40.75022392,-73.97121414,23428.0,Subscriber,1985.0,1.0
452610,248.0,2016-03-07 16:13:35,2016-03-07 16:17:44,446.0,W 24 St & 7 Ave,40.74487634,-73.99529885,3230.0,Penn Station Valet,40.751283596962296,-73.99692445993422,23428.0,Subscriber,1983.0,1.0
464374,1481.0,2016-03-08 12:12:21,2016-03-08 12:37:02,450.0,W 49 St & 8 Ave,40.76227205,-73.98788205,247.0,Perry St & Bleecker St,40.73535398,-74.00483091,23428.0,Subscriber,1987.0,2.0
473058,237.0,2016-03-12 13:53:22,2016-03-12 13:57:19,455.0,1 Ave & E 44 St,40.75001986,-73.96905301,441.0,E 52 St & 2 Ave,40.756014,-73.967416,23428.0,Subscriber,1977.0,1.0
498363,618.0,2016-03-08 17:20:41,2016-03-08 17:31:00,463.0,9 Ave & W 16 St,40.74206539,-74.00443172,504.0,1 Ave & E 15 St,40.73221853,-73.98165557,23428.0,Subscriber,1990.0,1.0
505514,912.0,2016-03-08 17:59:06,2016-03-08 18:14:19,466.0,W 25 St & 6 Ave,40.74395411,-73.99144871,385.0,E 55 St & 2 Ave,40.75797322,-73.96603308,23428.0,Subscriber,1970.0,1.0
505752,1492.0,2016-03-10 10:22:33,2016-03-10 10:47:25,466.0,W 25 St & 6 Ave,40.74395411,-73.99144871,3141.0,1 Ave & E 68 St,40.76500525,-73.95818491,23428.0,Subscriber,1990.0,2.0
513014,1341.0,2016-03-07 15:45:40,2016-03-07 16:08:01,469.0,Broadway & W 53 St,40.76344058,-73.98268129,446.0,W 24 St & 7 Ave,40.74487634,-73.99529885,23428.0,Subscriber,1970.0,1.0
515858,266.0,2016-03-12 09:54:44,2016-03-12 09:59:10,470.0,W 20 St & 8 Ave,40.74345335,-74.00004031,490.0,8 Ave & W 33 St,40.751551,-73.993934,23428.0,Subscriber,1984.0,1.0
519473,443.0,2016-03-08 09:14:06,2016-03-08 09:21:30,472.0,E 32 St & Park Ave,40.745712100000006,-73.98194829,435.0,W 21 St & 6 Ave,40.74173969,-73.99415556,23428.0,Subscriber,1989.0,1.0
532668,300.0,2016-03-11 08:05:45,2016-03-11 08:10:45,476.0,E 31 St & 3 Ave,40.74394314,-73.97966069,519.0,Pershing Square North,40.751872999999996,-73.97770600000001,23428.0,Subscriber,1992.0,2.0
535502,558.0,2016-03-07 13:17:18,2016-03-07 13:26:37,477.0,W 41 St & 8 Ave,40.75640548,-73.9900262,521.0,8 Ave & W 31 St,40.750967348715974,-73.99444207549095,23428.0,Subscriber,1990.0,1.0
540594,350.0,2016-03-07 13:06:40,2016-03-07 13:12:30,478.0,11 Ave & W 41 St,40.76030096,-73.99884222,477.0,W 41 St & 8 Ave,40.75640548,-73.9900262,23428.0,Subscriber,1988.0,1.0
544445,2094.0,2016-03-12 12:10:30,2016-03-12 12:45:24,479.0,9 Ave & W 45 St,40.76019252,-73.9912551,402.0,Broadway & E 22 St,40.740343200000005,-73.98955109,23428.0,Customer,,0.0
547722,961.0,2016-03-09 17:09:43,2016-03-09 17:25:44,480.0,W 53 St & 10 Ave,40.76669671,-73.99061728,519.0,Pershing Square North,40.751872999999996,-73.97770600000001,23428.0,Subscriber,1971.0,1.0
565346,134.0,2016-03-12 07:09:09,2016-03-12 07:11:23,486.0,Broadway & W 29 St,40.7462009,-73.98855723,546.0,E 30 St & Park Ave S,40.74444921,-73.98303529,23428.0,Subscriber,1989.0,1.0
579618,506.0,2016-03-09 06:58:56,2016-03-09 07:07:23,490.0,8 Ave & W 33 St,40.751551,-73.993934,510.0,W 51 St & 6 Ave,40.7606597,-73.98042047,23428.0,Subscriber,1982.0,1.0
580195,656.0,2016-03-11 06:44:43,2016-03-11 06:55:39,490.0,8 Ave & W 33 St,40.751551,-73.993934,3163.0,Central Park West & W 68 St,40.7734066,-73.97782542,23428.0,Subscriber,1959.0,1.0
580424,420.0,2016-03-12 12:00:15,2016-03-12 12:07:15,490.0,8 Ave & W 33 St,40.751551,-73.993934,479.0,9 Ave & W 45 St,40.76019252,-73.9912551,23428.0,Subscriber,1987.0,1.0
620004,985.0,2016-03-06 16:18:44,2016-03-06 16:35:10,500.0,Broadway & W 51 St,40.76228826,-73.98336183,3168.0,Central Park West & W 85 St,40.78472675,-73.96961715,23428.0,Subscriber,1964.0,1.0
620036,365.0,2016-03-07 08:01:03,2016-03-07 08:07:09,500.0,Broadway & W 51 St,40.76228826,-73.98336183,367.0,E 53 St & Lexington Ave,40.75828065,-73.97069431,23428.0,Subscriber,1985.0,1.0
631065,558.0,2016-03-08 17:44:42,2016-03-08 17:54:01,504.0,1 Ave & E 15 St,40.73221853,-73.98165557,466.0,W 25 St & 6 Ave,40.74395411,-73.99144871,23428.0,Subscriber,1982.0,1.0
640255,246.0,2016-03-11 07:58:56,2016-03-11 08:03:03,507.0,E 25 St & 2 Ave,40.73912601,-73.97973776,476.0,E 31 St & 3 Ave,40.74394314,-73.97966069,23428.0,Subscriber,1991.0,1.0
649729,535.0,2016-03-09 16:16:14,2016-03-09 16:25:09,510.0,W 51 St & 6 Ave,40.7606597,-73.98042047,3136.0,5 Ave & E 63 St,40.76650452,-73.97147595,23428.0,Subscriber,1989.0,1.0
662664,633.0,2016-03-09 06:45:58,2016-03-09 06:56:32,515.0,W 43 St & 10 Ave,40.76009437,-73.99461843,490.0,8 Ave & W 33 St,40.751551,-73.993934,23428.0,Subscriber,1983.0,2.0
676407,928.0,2016-03-09 17:28:11,2016-03-09 17:43:40,519.0,Pershing Square North,40.751872999999996,-73.97770600000001,349.0,Rivington St & Ridge St,40.71850211,-73.98329859,23428.0,Subscriber,1984.0,1.0
677287,542.0,2016-03-11 08:12:35,2016-03-11 08:21:37,519.0,Pershing Square North,40.751872999999996,-73.97770600000001,435.0,W 21 St & 6 Ave,40.74173969,-73.99415556,23428.0,Subscriber,1969.0,1.0
689190,501.0,2016-03-07 13:51:23,2016-03-07 13:59:44,521.0,8 Ave & W 31 St,40.750967348715974,-73.99444207549095,469.0,Broadway & W 53 St,40.76344058,-73.98268129,23428.0,Subscriber,1978.0,1.0
716937,967.0,2016-03-10 14:32:28,2016-03-10 14:48:36,529.0,W 42 St & 8 Ave,40.75756989999999,-73.99098507,3141.0,1 Ave & E 68 St,40.76500525,-73.95818491,23428.0,Subscriber,1991.0,1.0
724105,705.0,2016-03-09 20:23:34,2016-03-09 20:35:20,532.0,S 5 Pl & S 4 St,40.710451,-73.960876,3101.0,N 12 St & Bedford Ave,40.72079821,-73.95484712,23428.0,Subscriber,1985.0,2.0
744168,502.0,2016-03-12 13:06:09,2016-03-12 13:14:32,545.0,E 23 St & 1 Ave,40.736502,-73.97809472,455.0,1 Ave & E 44 St,40.75001986,-73.96905301,23428.0,Subscriber,1991.0,1.0
747819,339.0,2016-03-12 09:04:04,2016-03-12 09:09:44,546.0,E 30 St & Park Ave S,40.74444921,-73.98303529,435.0,W 21 St & 6 Ave,40.74173969,-73.99415556,23428.0,Subscriber,1980.0,1.0
759193,2870.0,2016-03-06 12:33:26,2016-03-06 13:21:16,2006.0,Central Park S & 6 Ave,40.76590936,-73.97634151,3170.0,W 84 St & Columbus Ave,40.78499979,-73.97283406,23428.0,Customer,,0.0
772951,376.0,2016-03-11 07:45:16,2016-03-11 07:51:33,2017.0,E 43 St & 2 Ave,40.75022392,-73.97121414,507.0,E 25 St & 2 Ave,40.73912601,-73.97973776,23428.0,Subscriber,1989.0,1.0
805754,653.0,2016-03-09 22:00:37,2016-03-09 22:11:31,3101.0,N 12 St & Bedford Ave,40.72079821,-73.95484712,3101.0,N 12 St & Bedford Ave,40.72079821,-73.95484712,23428.0,Subscriber,1978.0,1.0
805758,262.0,2016-03-10 06:44:49,2016-03-10 06:49:11,3101.0,N 12 St & Bedford Ave,40.72079821,-73.95484712,3112.0,Milton St & Franklin St,40.72906,-73.95779,23428.0,Subscriber,1980.0,1.0
805759,1654.0,2016-03-10 08:58:38,2016-03-10 09:26:12,3101.0,N 12 St & Bedford Ave,40.72079821,-73.95484712,151.0,Cleveland Pl & Spring St,40.72210378668603,-73.99724900722505,23428.0,Subscriber,1977.0,2.0
813850,277.0,2016-03-10 08:07:00,2016-03-10 08:11:38,3112.0,Milton St & Franklin St,40.72906,-73.95779,3101.0,N 12 St & Bedford Ave,40.72079821,-73.95484712,23428.0,Subscriber,1980.0,1.0
827394,739.0,2016-03-09 16:45:09,2016-03-09 16:57:29,3136.0,5 Ave & E 63 St,40.76650452,-73.97147595,173.0,Broadway & W 49 St,40.76068327096592,-73.98452728986742,23428.0,Subscriber,1989.0,1.0
836272,512.0,2016-03-10 10:49:25,2016-03-10 10:57:57,3141.0,1 Ave & E 68 St,40.76500525,-73.95818491,3145.0,E 84 St & Park Ave,40.77862688,-73.95772073,23428.0,Subscriber,1986.0,1.0
836308,1372.0,2016-03-10 15:34:20,2016-03-10 15:57:12,3141.0,1 Ave & E 68 St,40.76500525,-73.95818491,300.0,Shevchenko Pl & E 7 St,40.728145,-73.990214,23428.0,Subscriber,1977.0,2.0
841869,593.0,2016-03-10 13:18:23,2016-03-10 13:28:16,3143.0,5 Ave & E 78 St,40.77682863439968,-73.96388769149779,281.0,Grand Army Plaza & Central Park S,40.764397100000004,-73.97371465,23428.0,Subscriber,1964.0,1.0
845388,1668.0,2016-03-10 11:32:39,2016-03-10 12:00:28,3145.0,E 84 St & Park Ave,40.77862688,-73.95772073,3168.0,Central Park West & W 85 St,40.78472675,-73.96961715,23428.0,Customer,,0.0
860683,510.0,2016-03-06 14:30:56,2016-03-06 14:39:27,3158.0,W 63 St & Broadway,40.77163851,-73.98261428,500.0,Broadway & W 51 St,40.76228826,-73.98336183,23428.0,Subscriber,1973.0,1.0
868666,820.0,2016-03-11 07:02:15,2016-03-11 07:15:55,3163.0,Central Park West & W 68 St,40.7734066,-73.97782542,2017.0,E 43 St & 2 Ave,40.75022392,-73.97121414,23428.0,Subscriber,1988.0,1.0
878665,388.0,2016-03-06 18:21:18,2016-03-06 18:27:46,3168.0,Central Park West & W 85 St,40.78472675,-73.96961715,3177.0,W 84 St & Broadway,40.7867947,-73.977112,23428.0,Subscriber,1973.0,2.0
879031,1114.0,2016-03-10 12:10:48,2016-03-10 12:29:22,3168.0,Central Park West & W 85 St,40.78472675,-73.96961715,3143.0,5 Ave & E 78 St,40.77682863439968,-73.96388769149779,23428.0,Subscriber,1969.0,2.0
883394,640.0,2016-03-06 13:47:07,2016-03-06 13:57:48,3170.0,W 84 St & Columbus Ave,40.78499979,-73.97283406,3158.0,W 63 St & Broadway,40.77163851,-73.98261428,23428.0,Subscriber,1983.0,1.0
891928,714.0,2016-03-07 07:19:55,2016-03-07 07:31:50,3177.0,W 84 St & Broadway,40.7867947,-73.977112,500.0,Broadway & W 51 St,40.76228826,-73.98336183,23428.0,Subscriber,1985.0,1.0
903193,559.0,2016-03-08 08:45:16,2016-03-08 08:54:35,3230.0,Penn Station Valet,40.751283596962296,-73.99692445993422,472.0,E 32 St & Park Ave,40.745712100000006,-73.98194829,23428.0,Subscriber,1974.0,1.0
28230,1501.0,2016-03-06 17:09:55,2016-03-06 17:34:57,150.0,E 2 St & Avenue C,40.720873600000004,-73.98085795,524.0,W 43 St & 6 Ave,40.75527307,-73.98316936,22958.0,Subscriber,1987.0,2.0
71276,590.0,2016-03-10 17:28:44,2016-03-10 17:38:35,223.0,W 13 St & 7 Ave,40.73781509,-73.99994661,326.0,E 11 St & 1 Ave,40.72953837,-73.98426726,22958.0,Subscriber,1975.0,1.0
75548,218.0,2016-03-10 17:18:25,2016-03-10 17:22:03,225.0,W 14 St & The High Line,40.74195138,-74.00803013,223.0,W 13 St & 7 Ave,40.73781509,-73.99994661,22958.0,Subscriber,1989.0,2.0
85823,454.0,2016-03-08 17:48:36,2016-03-08 17:56:11,236.0,St Marks Pl & 2 Ave,40.7284186,-73.98713956,250.0,Lafayette St & Jersey St,40.72456089,-73.99565293,22958.0,Customer,,0.0
102819,1004.0,2016-03-08 17:58:23,2016-03-08 18:15:07,250.0,Lafayette St & Jersey St,40.72456089,-73.99565293,494.0,W 26 St & 8 Ave,40.74734825,-73.99723551,22958.0,Subscriber,1982.0,1.0
111086,805.0,2016-03-10 15:35:35,2016-03-10 15:49:01,252.0,MacDougal St & Washington Sq,40.73226398,-73.99852205,523.0,W 38 St & 8 Ave,40.75466591,-73.99138152,22958.0,Subscriber,1978.0,1.0
121221,2358.0,2016-03-09 05:58:35,2016-03-09 06:37:53,259.0,South St & Whitehall St,40.70122128,-74.01234218,2012.0,E 27 St & 1 Ave,40.739445,-73.97680600000001,22958.0,Subscriber,1970.0,1.0
121276,1423.0,2016-03-09 17:31:46,2016-03-09 17:55:30,259.0,South St & Whitehall St,40.70122128,-74.01234218,406.0,Hicks St & Montague St,40.69512845,-73.99595065,22958.0,Subscriber,1970.0,1.0
182361,909.0,2016-03-07 17:22:27,2016-03-07 17:37:37,301.0,E 2 St & Avenue B,40.72217444,-73.98368779,518.0,E 39 St & 2 Ave,40.74780373,-73.97344190000001,22958.0,Subscriber,1989.0,2.0
186776,70.0,2016-03-08 13:41:39,2016-03-08 13:42:50,303.0,Mercer St & Spring St,40.72362738,-73.99949601,303.0,Mercer St & Spring St,40.72362738,-73.99949601,22958.0,Subscriber,1973.0,2.0
186798,430.0,2016-03-08 16:52:59,2016-03-08 17:00:10,303.0,Mercer St & Spring St,40.72362738,-73.99949601,380.0,W 4 St & 7 Ave S,40.73401143,-74.00293877,22958.0,Subscriber,1977.0,1.0
186940,683.0,2016-03-10 12:27:36,2016-03-10 12:39:00,303.0,Mercer St & Spring St,40.72362738,-73.99949601,345.0,W 13 St & 6 Ave,40.73649403,-73.99704374,22958.0,Subscriber,1996.0,1.0
198876,473.0,2016-03-08 21:47:40,2016-03-08 21:55:34,308.0,St James Pl & Oliver St,40.71307916,-73.99851193,259.0,South St & Whitehall St,40.70122128,-74.01234218,22958.0,Subscriber,1958.0,1.0
227436,533.0,2016-03-10 18:01:56,2016-03-10 18:10:50,326.0,E 11 St & 1 Ave,40.72953837,-73.98426726,349.0,Rivington St & Ridge St,40.71850211,-73.98329859,22958.0,Subscriber,1984.0,1.0
236973,1243.0,2016-03-08 08:33:37,2016-03-08 08:54:20,329.0,Greenwich St & N Moore St,40.72043411,-74.01020609,521.0,8 Ave & W 31 St,40.750967348715974,-73.99444207549095,22958.0,Subscriber,1981.0,1.0
256177,920.0,2016-03-09 17:10:33,2016-03-09 17:25:53,341.0,Stanton St & Mangin St,40.71782143,-73.97628939,259.0,South St & Whitehall St,40.70122128,-74.01234218,22958.0,Subscriber,1974.0,1.0
260098,671.0,2016-03-10 13:25:43,2016-03-10 13:36:55,345.0,W 13 St & 6 Ave,40.73649403,-73.99704374,252.0,MacDougal St & Washington Sq,40.73226398,-73.99852205,22958.0,Subscriber,1975.0,1.0
262977,605.0,2016-03-08 06:24:55,2016-03-08 06:35:01,346.0,Bank St & Hudson St,40.73652889,-74.00618026,329.0,Greenwich St & N Moore St,40.72043411,-74.01020609,22958.0,Subscriber,1990.0,1.0
272324,1448.0,2016-03-10 18:35:04,2016-03-10 18:59:12,349.0,Rivington St & Ridge St,40.71850211,-73.98329859,462.0,W 22 St & 10 Ave,40.74691959,-74.00451887,22958.0,Subscriber,1968.0,1.0
309230,1877.0,2016-03-08 19:16:16,2016-03-08 19:47:34,368.0,Carmine St & 6 Ave,40.73038599,-74.00214988,308.0,St James Pl & Oliver St,40.71307916,-73.99851193,22958.0,Subscriber,1968.0,1.0
313818,656.0,2016-03-06 16:55:53,2016-03-06 17:06:49,369.0,Washington Pl & 6 Ave,40.73224119,-74.00026394,150.0,E 2 St & Avenue C,40.720873600000004,-73.98085795,22958.0,Subscriber,1979.0,1.0
313888,344.0,2016-03-07 19:10:13,2016-03-07 19:15:58,369.0,Washington Pl & 6 Ave,40.73224119,-74.00026394,346.0,Bank St & Hudson St,40.73652889,-74.00618026,22958.0,Subscriber,1982.0,1.0
327504,510.0,2016-03-08 17:08:14,2016-03-08 17:16:44,380.0,W 4 St & 7 Ave S,40.73401143,-74.00293877,236.0,St Marks Pl & 2 Ave,40.7284186,-73.98713956,22958.0,Subscriber,1977.0,1.0
351533,354.0,2016-03-09 13:31:25,2016-03-09 13:37:19,390.0,Duffield St & Willoughby St,40.69221589,-73.9842844,3242.0,Schermerhorn St & Court St,40.69102925677968,-73.99183362722397,22958.0,Subscriber,1968.0,1.0
358580,2833.0,2016-03-10 08:54:12,2016-03-10 09:41:25,395.0,Bond St & Schermerhorn St,40.68807003,-73.98410637,469.0,Broadway & W 53 St,40.76344058,-73.98268129,22958.0,Subscriber,1974.0,1.0
374945,443.0,2016-03-09 19:32:03,2016-03-09 19:39:26,406.0,Hicks St & Montague St,40.69512845,-73.99595065,395.0,Bond St & Schermerhorn St,40.68807003,-73.98410637,22958.0,Subscriber,1976.0,1.0
419179,898.0,2016-03-06 13:09:33,2016-03-06 13:24:31,435.0,W 21 St & 6 Ave,40.74173969,-73.99415556,448.0,W 37 St & 10 Ave,40.75660359,-73.9979009,22958.0,Subscriber,1980.0,1.0
443260,293.0,2016-03-06 14:07:44,2016-03-06 14:12:37,444.0,Broadway & W 24 St,40.742354299999995,-73.98915076,546.0,E 30 St & Park Ave S,40.74444921,-73.98303529,22958.0,Subscriber,1951.0,1.0
459673,552.0,2016-03-06 13:32:28,2016-03-06 13:41:40,448.0,W 37 St & 10 Ave,40.75660359,-73.9979009,444.0,Broadway & W 24 St,40.742354299999995,-73.98915076,22958.0,Subscriber,1981.0,1.0
480780,791.0,2016-03-08 18:52:55,2016-03-08 19:06:07,458.0,11 Ave & W 27 St,40.751396,-74.00522600000001,368.0,Carmine St & 6 Ave,40.73038599,-74.00214988,22958.0,Subscriber,1990.0,2.0
494691,1002.0,2016-03-10 19:00:04,2016-03-10 19:16:47,462.0,W 22 St & 10 Ave,40.74691959,-74.00451887,493.0,W 45 St & 6 Ave,40.7568001,-73.98291153,22958.0,Subscriber,1982.0,1.0
498151,1430.0,2016-03-06 19:36:32,2016-03-06 20:00:22,463.0,9 Ave & W 16 St,40.74206539,-74.00443172,499.0,Broadway & W 60 St,40.76915505,-73.98191841,22958.0,Subscriber,1991.0,2.0
509973,321.0,2016-03-07 15:03:57,2016-03-07 15:09:19,468.0,Broadway & W 55 St,40.7652654,-73.98192338,3163.0,Central Park West & W 68 St,40.7734066,-73.97782542,22958.0,Subscriber,1963.0,1.0
513318,1397.0,2016-03-10 09:47:36,2016-03-10 10:10:53,469.0,Broadway & W 53 St,40.76344058,-73.98268129,303.0,Mercer St & Spring St,40.72362738,-73.99949601,22958.0,Subscriber,1973.0,1.0
525762,828.0,2016-03-08 12:23:20,2016-03-08 12:37:09,474.0,5 Ave & E 29 St,40.7451677,-73.98683077,303.0,Mercer St & Spring St,40.72362738,-73.99949601,22958.0,Subscriber,1991.0,1.0
554609,406.0,2016-03-06 14:35:21,2016-03-06 14:42:07,483.0,E 12 St & 3 Ave,40.73223272,-73.98889957,369.0,Washington Pl & 6 Ave,40.73224119,-74.00026394,22958.0,Subscriber,1955.0,1.0
595252,239.0,2016-03-08 18:42:52,2016-03-08 18:46:52,494.0,W 26 St & 8 Ave,40.74734825,-73.99723551,458.0,11 Ave & W 27 St,40.751396,-74.00522600000001,22958.0,Subscriber,1967.0,1.0
616548,539.0,2016-03-06 20:08:46,2016-03-06 20:17:45,499.0,Broadway & W 60 St,40.76915505,-73.98191841,2023.0,E 55 St & Lexington Ave,40.75968085,-73.97031366,22958.0,Subscriber,1958.0,1.0
616611,195.0,2016-03-07 14:17:18,2016-03-07 14:20:33,499.0,Broadway & W 60 St,40.76915505,-73.98191841,468.0,Broadway & W 55 St,40.7652654,-73.98192338,22958.0,Subscriber,1987.0,1.0
643271,770.0,2016-03-10 16:56:43,2016-03-10 17:09:33,508.0,W 46 St & 11 Ave,40.76341379,-73.99667444,225.0,W 14 St & The High Line,40.74195138,-74.00803013,22958.0,Subscriber,1975.0,1.0
667066,609.0,2016-03-06 09:24:33,2016-03-06 09:34:42,517.0,Pershing Square South,40.751581,-73.97791,435.0,W 21 St & 6 Ave,40.74173969,-73.99415556,22958.0,Subscriber,1961.0,2.0
670249,1018.0,2016-03-07 17:41:28,2016-03-07 17:58:27,518.0,E 39 St & 2 Ave,40.74780373,-73.97344190000001,369.0,Washington Pl & 6 Ave,40.73224119,-74.00026394,22958.0,Subscriber,1983.0,1.0
689363,483.0,2016-03-08 08:54:53,2016-03-08 09:02:57,521.0,8 Ave & W 31 St,40.750967348715974,-73.99444207549095,474.0,5 Ave & E 29 St,40.7451677,-73.98683077,22958.0,Subscriber,1977.0,1.0
697437,483.0,2016-03-10 16:04:53,2016-03-10 16:12:57,523.0,W 38 St & 8 Ave,40.75466591,-73.99138152,508.0,W 46 St & 11 Ave,40.76341379,-73.99667444,22958.0,Subscriber,1961.0,2.0
701370,1749.0,2016-03-06 18:09:39,2016-03-06 18:38:48,524.0,W 43 St & 6 Ave,40.75527307,-73.98316936,463.0,9 Ave & W 16 St,40.74206539,-74.00443172,22958.0,Subscriber,1991.0,2.0
710023,1527.0,2016-03-09 07:50:20,2016-03-09 08:15:48,527.0,E 33 St & 2 Ave,40.744023,-73.976056,390.0,Duffield St & Willoughby St,40.69221589,-73.9842844,22958.0,Subscriber,1980.0,1.0
743740,2210.0,2016-03-09 16:27:47,2016-03-09 17:04:37,545.0,E 23 St & 1 Ave,40.736502,-73.97809472,341.0,Stanton St & Mangin St,40.71782143,-73.97628939,22958.0,Subscriber,1961.0,2.0
747045,395.0,2016-03-06 14:20:08,2016-03-06 14:26:44,546.0,E 30 St & Park Ave S,40.74444921,-73.98303529,483.0,E 12 St & 3 Ave,40.73223272,-73.98889957,22958.0,Subscriber,1993.0,1.0
770617,295.0,2016-03-09 06:39:12,2016-03-09 06:44:07,2012.0,E 27 St & 1 Ave,40.739445,-73.97680600000001,527.0,E 33 St & 2 Ave,40.744023,-73.976056,22958.0,Subscriber,1962.0,2.0
777765,1776.0,2016-03-06 22:05:18,2016-03-06 22:34:54,2023.0,E 55 St & Lexington Ave,40.75968085,-73.97031366,3132.0,E 59 St & Madison Ave,40.76350532,-73.97109243,22958.0,Customer,,0.0
823235,226.0,2016-03-07 13:31:18,2016-03-07 13:35:05,3132.0,E 59 St & Madison Ave,40.76350532,-73.97109243,3231.0,E 67 St & Park Ave,40.76780080148132,-73.96592080593109,22958.0,Subscriber,1966.0,1.0
868468,471.0,2016-03-07 15:33:41,2016-03-07 15:41:33,3163.0,Central Park West & W 68 St,40.7734066,-73.97782542,3231.0,E 67 St & Park Ave,40.76780080148132,-73.96592080593109,22958.0,Subscriber,1977.0,1.0
906695,447.0,2016-03-07 13:56:55,2016-03-07 14:04:23,3231.0,E 67 St & Park Ave,40.76780080148132,-73.96592080593109,499.0,Broadway & W 60 St,40.76915505,-73.98191841,22958.0,Subscriber,1991.0,2.0
906705,1801.0,2016-03-07 16:00:21,2016-03-07 16:30:22,3231.0,E 67 St & Park Ave,40.76780080148132,-73.96592080593109,301.0,E 2 St & Avenue B,40.72217444,-73.98368779,22958.0,Subscriber,1982.0,2.0
916382,2110.0,2016-03-09 13:50:46,2016-03-09 14:25:57,3242.0,Schermerhorn St & Court St,40.69102925677968,-73.99183362722397,545.0,E 23 St & 1 Ave,40.736502,-73.97809472,22958.0,Subscriber,1970.0,1.0
6599,1455.0,2016-03-07 13:36:46,2016-03-07 14:01:01,116.0,W 17 St & 8 Ave,40.74177603,-74.00149746,385.0,E 55 St & 2 Ave,40.75797322,-73.96603308,22811.0,Subscriber,1978.0,1.0
16964,500.0,2016-03-10 20:02:58,2016-03-10 20:11:19,128.0,MacDougal St & Prince St,40.72710258,-74.00297088,293.0,Lafayette St & E 8 St,40.73028666,-73.9907647,22811.0,Subscriber,1985.0,1.0
28218,1330.0,2016-03-06 14:22:40,2016-03-06 14:44:51,150.0,E 2 St & Avenue C,40.720873600000004,-73.98085795,279.0,Peck Slip & Front St,40.707873,-74.00166999999999,22811.0,Subscriber,1972.0,1.0
30487,233.0,2016-03-07 08:20:31,2016-03-07 08:24:24,151.0,Cleveland Pl & Spring St,40.72210378668603,-73.99724900722505,2004.0,6 Ave & Broome St,40.724399,-74.004704,22811.0,Subscriber,1991.0,1.0
43139,637.0,2016-03-06 14:09:38,2016-03-06 14:20:15,161.0,LaGuardia Pl & W 3 St,40.72917025,-73.99810231,150.0,E 2 St & Avenue C,40.720873600000004,-73.98085795,22811.0,Subscriber,1991.0,1.0
57328,1006.0,2016-03-07 11:10:14,2016-03-07 11:27:01,173.0,Broadway & W 49 St,40.76068327096592,-73.98452728986742,293.0,Lafayette St & E 8 St,40.73028666,-73.9907647,22811.0,Subscriber,1995.0,1.0
66039,990.0,2016-03-08 16:01:58,2016-03-08 16:18:28,212.0,W 16 St & The High Line,40.74334935,-74.00681753,529.0,W 42 St & 8 Ave,40.75756989999999,-73.99098507,22811.0,Subscriber,1954.0,1.0
66338,749.0,2016-03-10 19:45:02,2016-03-10 19:57:32,212.0,W 16 St & The High Line,40.74334935,-74.00681753,128.0,MacDougal St & Prince St,40.72710258,-74.00297088,22811.0,Subscriber,1974.0,2.0
93073,659.0,2016-03-10 18:44:59,2016-03-10 18:55:59,238.0,Bank St & Washington St,40.7361967,-74.00859207,334.0,W 20 St & 7 Ave,40.74238787,-73.99726235,22811.0,Subscriber,1962.0,1.0
125536,170.0,2016-03-07 07:38:35,2016-03-07 07:41:26,263.0,Elizabeth St & Hester St,40.717290000000006,-73.996375,151.0,Cleveland Pl & Spring St,40.72210378668603,-73.99724900722505,22811.0,Subscriber,1972.0,1.0
142333,671.0,2016-03-06 15:03:46,2016-03-06 15:14:57,279.0,Peck Slip & Front St,40.707873,-74.00166999999999,363.0,West Thames St,40.70834698,-74.01713445,22811.0,Customer,,0.0
151851,624.0,2016-03-07 09:25:15,2016-03-07 09:35:39,284.0,Greenwich Ave & 8 Ave,40.7390169121,-74.0026376103,458.0,11 Ave & W 27 St,40.751396,-74.00522600000001,22811.0,Subscriber,1986.0,2.0
165225,958.0,2016-03-07 12:27:08,2016-03-07 12:43:06,293.0,Lafayette St & E 8 St,40.73028666,-73.9907647,485.0,W 37 St & 5 Ave,40.75038009,-73.98338988,22811.0,Subscriber,1987.0,2.0
166420,543.0,2016-03-10 20:47:32,2016-03-10 20:56:36,293.0,Lafayette St & E 8 St,40.73028666,-73.9907647,435.0,W 21 St & 6 Ave,40.74173969,-73.99415556,22811.0,Subscriber,1981.0,1.0
175801,1269.0,2016-03-09 21:14:09,2016-03-09 21:35:19,297.0,E 15 St & 3 Ave,40.734232,-73.986923,422.0,W 59 St & 10 Ave,40.770513,-73.988038,22811.0,Subscriber,1985.0,1.0
212501,1227.0,2016-03-06 17:19:45,2016-03-06 17:40:12,316.0,Fulton St & William St,40.70955958,-74.00653609,501.0,FDR Drive & E 35 St,40.744219,-73.97121214,22811.0,Subscriber,1983.0,2.0
244012,491.0,2016-03-10 19:08:40,2016-03-10 19:16:52,334.0,W 20 St & 7 Ave,40.74238787,-73.99726235,212.0,W 16 St & The High Line,40.74334935,-74.00681753,22811.0,Subscriber,1973.0,1.0
277013,193.0,2016-03-06 18:07:17,2016-03-06 18:10:31,352.0,W 56 St & 6 Ave,40.76340613,-73.97722479,457.0,Broadway & W 58 St,40.76695317,-73.98169333,22811.0,Subscriber,1972.0,1.0
293142,837.0,2016-03-11 13:41:58,2016-03-11 13:55:55,359.0,E 47 St & Park Ave,40.75510267,-73.97498696,422.0,W 59 St & 10 Ave,40.770513,-73.988038,22811.0,Subscriber,1988.0,1.0
297684,168.0,2016-03-06 22:12:12,2016-03-06 22:15:01,361.0,Allen St & Hester St,40.71605866,-73.99190759,263.0,Elizabeth St & Hester St,40.717290000000006,-73.996375,22811.0,Subscriber,1991.0,1.0
301993,474.0,2016-03-06 15:27:22,2016-03-06 15:35:17,363.0,West Thames St,40.70834698,-74.01713445,316.0,Fulton St & William St,40.70955958,-74.00653609,22811.0,Subscriber,1980.0,1.0
306974,578.0,2016-03-11 13:13:50,2016-03-11 13:23:29,367.0,E 53 St & Lexington Ave,40.75828065,-73.97069431,468.0,Broadway & W 55 St,40.7652654,-73.98192338,22811.0,Subscriber,1978.0,1.0
309566,966.0,2016-03-10 10:56:13,2016-03-10 11:12:20,368.0,Carmine St & 6 Ave,40.73038599,-74.00214988,546.0,E 30 St & Park Ave S,40.74444921,-73.98303529,22811.0,Subscriber,1980.0,1.0
323180,733.0,2016-03-10 17:18:22,2016-03-10 17:30:36,379.0,W 31 St & 7 Ave,40.749156,-73.9916,238.0,Bank St & Washington St,40.7361967,-74.00859207,22811.0,Subscriber,1983.0,2.0
339531,705.0,2016-03-07 14:02:31,2016-03-07 14:14:16,385.0,E 55 St & 2 Ave,40.75797322,-73.96603308,3135.0,E 75 St & 3 Ave,40.77112927,-73.95772297,22811.0,Subscriber,1975.0,1.0
339610,420.0,2016-03-08 15:03:52,2016-03-08 15:10:52,385.0,E 55 St & 2 Ave,40.75797322,-73.96603308,518.0,E 39 St & 2 Ave,40.74780373,-73.97344190000001,22811.0,Subscriber,1985.0,1.0
392810,1024.0,2016-03-09 21:43:15,2016-03-09 22:00:19,422.0,W 59 St & 10 Ave,40.770513,-73.988038,501.0,FDR Drive & E 35 St,40.744219,-73.97121214,22811.0,Subscriber,1990.0,1.0
392894,1375.0,2016-03-11 14:27:53,2016-03-11 14:50:49,422.0,W 59 St & 10 Ave,40.770513,-73.988038,540.0,Lexington Ave & E 29 St,40.74311555376486,-73.98215353488922,22811.0,Subscriber,1964.0,1.0
420458,452.0,2016-03-10 21:27:21,2016-03-10 21:34:54,435.0,W 21 St & 6 Ave,40.74173969,-73.99415556,545.0,E 23 St & 1 Ave,40.736502,-73.97809472,22811.0,Subscriber,1987.0,1.0
429961,238.0,2016-03-06 11:29:41,2016-03-06 11:33:39,439.0,E 4 St & 2 Ave,40.726280700000004,-73.98978041,161.0,LaGuardia Pl & W 3 St,40.72917025,-73.99810231,22811.0,Subscriber,1990.0,1.0
434012,667.0,2016-03-10 16:09:37,2016-03-10 16:20:44,440.0,E 45 St & 3 Ave,40.75255434,-73.97282625,505.0,6 Ave & W 33 St,40.74901271,-73.98848395,22811.0,Subscriber,1979.0,1.0
436143,826.0,2016-03-09 18:45:59,2016-03-09 18:59:45,441.0,E 52 St & 2 Ave,40.756014,-73.967416,468.0,Broadway & W 55 St,40.7652654,-73.98192338,22811.0,Subscriber,1962.0,1.0
438249,405.0,2016-03-06 20:19:33,2016-03-06 20:26:19,442.0,W 27 St & 7 Ave,40.746646999999996,-73.993915,497.0,E 17 St & Broadway,40.73704984,-73.99009296,22811.0,Subscriber,1992.0,2.0
476920,1008.0,2016-03-06 18:38:12,2016-03-06 18:55:01,457.0,Broadway & W 58 St,40.76695317,-73.98169333,442.0,W 27 St & 7 Ave,40.746646999999996,-73.993915,22811.0,Subscriber,1986.0,2.0
480574,808.0,2016-03-07 09:45:19,2016-03-07 09:58:48,458.0,11 Ave & W 27 St,40.751396,-74.00522600000001,173.0,Broadway & W 49 St,40.76068327096592,-73.98452728986742,22811.0,Subscriber,1992.0,1.0
510371,323.0,2016-03-09 19:03:27,2016-03-09 19:08:50,468.0,Broadway & W 55 St,40.7652654,-73.98192338,3233.0,E 48 St & 5 Ave,40.75724567911726,-73.97805914282799,22811.0,Subscriber,1958.0,1.0
510635,431.0,2016-03-11 13:29:58,2016-03-11 13:37:09,468.0,Broadway & W 55 St,40.7652654,-73.98192338,359.0,E 47 St & Park Ave,40.75510267,-73.97498696,22811.0,Subscriber,1958.0,1.0
532591,330.0,2016-03-10 16:29:37,2016-03-10 16:35:07,476.0,E 31 St & 3 Ave,40.74394314,-73.97966069,379.0,W 31 St & 7 Ave,40.749156,-73.9916,22811.0,Subscriber,1985.0,1.0
551693,745.0,2016-03-11 16:10:34,2016-03-11 16:23:00,482.0,W 15 St & 7 Ave,40.73935542,-73.99931783,529.0,W 42 St & 8 Ave,40.75756989999999,-73.99098507,22811.0,Subscriber,1983.0,1.0
554664,773.0,2016-03-06 21:39:44,2016-03-06 21:52:37,483.0,E 12 St & 3 Ave,40.73223272,-73.98889957,361.0,Allen St & Hester St,40.71605866,-73.99190759,22811.0,Subscriber,1983.0,1.0
561794,537.0,2016-03-07 12:50:43,2016-03-07 12:59:41,485.0,W 37 St & 5 Ave,40.75038009,-73.98338988,116.0,W 17 St & 8 Ave,40.74177603,-74.00149746,22811.0,Subscriber,1988.0,1.0
588645,303.0,2016-03-11 07:37:00,2016-03-11 07:42:03,492.0,W 33 St & 7 Ave,40.75019995,-73.99093085,493.0,W 45 St & 6 Ave,40.7568001,-73.98291153,22811.0,Subscriber,1959.0,1.0
592560,483.0,2016-03-11 07:44:20,2016-03-11 07:52:24,493.0,W 45 St & 6 Ave,40.7568001,-73.98291153,518.0,E 39 St & 2 Ave,40.74780373,-73.97344190000001,22811.0,Subscriber,1964.0,1.0
606359,160.0,2016-03-06 20:28:54,2016-03-06 20:31:35,497.0,E 17 St & Broadway,40.73704984,-73.99009296,483.0,E 12 St & 3 Ave,40.73223272,-73.98889957,22811.0,Subscriber,1981.0,1.0
617199,623.0,2016-03-11 16:55:02,2016-03-11 17:05:26,499.0,Broadway & W 60 St,40.76915505,-73.98191841,3230.0,Penn Station Valet,40.751283596962296,-73.99692445993422,22811.0,Subscriber,1969.0,1.0
622572,662.0,2016-03-06 17:42:44,2016-03-06 17:53:46,501.0,FDR Drive & E 35 St,40.744219,-73.97121214,352.0,W 56 St & 6 Ave,40.76340613,-73.97722479,22811.0,Subscriber,1996.0,1.0
622835,620.0,2016-03-10 06:59:43,2016-03-10 07:10:04,501.0,FDR Drive & E 35 St,40.744219,-73.97121214,520.0,W 52 St & 5 Ave,40.75992262,-73.97648516,22811.0,Subscriber,1966.0,1.0
636031,268.0,2016-03-10 16:22:18,2016-03-10 16:26:47,505.0,6 Ave & W 33 St,40.74901271,-73.98848395,476.0,E 31 St & 3 Ave,40.74394314,-73.97966069,22811.0,Subscriber,1984.0,1.0
649658,126.0,2016-03-09 08:56:13,2016-03-09 08:58:19,510.0,W 51 St & 6 Ave,40.7606597,-73.98042047,520.0,W 52 St & 5 Ave,40.75992262,-73.97648516,22811.0,Subscriber,1979.0,1.0
670370,1222.0,2016-03-08 15:29:09,2016-03-08 15:49:31,518.0,E 39 St & 2 Ave,40.74780373,-73.97344190000001,212.0,W 16 St & The High Line,40.74334935,-74.00681753,22811.0,Subscriber,1959.0,1.0
670826,470.0,2016-03-11 07:52:55,2016-03-11 08:00:46,518.0,E 39 St & 2 Ave,40.74780373,-73.97344190000001,367.0,E 53 St & Lexington Ave,40.75828065,-73.97069431,22811.0,Subscriber,1993.0,1.0
716735,328.0,2016-03-09 06:00:24,2016-03-09 06:05:53,529.0,W 42 St & 8 Ave,40.75756989999999,-73.99098507,510.0,W 51 St & 6 Ave,40.7606597,-73.98042047,22811.0,Subscriber,1960.0,1.0
717067,448.0,2016-03-11 16:47:12,2016-03-11 16:54:41,529.0,W 42 St & 8 Ave,40.75756989999999,-73.99098507,499.0,Broadway & W 60 St,40.76915505,-73.98191841,22811.0,Subscriber,1990.0,1.0
740666,728.0,2016-03-11 15:56:47,2016-03-11 16:08:56,540.0,Lexington Ave & E 29 St,40.74311555376486,-73.98215353488922,482.0,W 15 St & 7 Ave,40.73935542,-73.99931783,22811.0,Subscriber,1956.0,1.0
743985,614.0,2016-03-11 07:23:19,2016-03-11 07:33:33,545.0,E 23 St & 1 Ave,40.736502,-73.97809472,492.0,W 33 St & 7 Ave,40.75019995,-73.99093085,22811.0,Subscriber,1977.0,1.0
747559,784.0,2016-03-10 12:34:46,2016-03-10 12:47:50,546.0,E 30 St & Park Ave S,40.74444921,-73.98303529,440.0,E 45 St & 3 Ave,40.75255434,-73.97282625,22811.0,Subscriber,1963.0,1.0
756905,455.0,2016-03-07 09:16:36,2016-03-07 09:24:11,2004.0,6 Ave & Broome St,40.724399,-74.004704,284.0,Greenwich Ave & 8 Ave,40.7390169121,-74.0026376103,22811.0,Subscriber,1982.0,1.0
759750,507.0,2016-03-09 19:35:39,2016-03-09 19:44:07,2006.0,Central Park S & 6 Ave,40.76590936,-73.97634151,3164.0,Columbus Ave & W 72 St,40.7770575,-73.97898475,22811.0,Subscriber,1980.0,2.0
826040,598.0,2016-03-07 14:28:09,2016-03-07 14:38:08,3135.0,E 75 St & 3 Ave,40.77112927,-73.95772297,441.0,E 52 St & 2 Ave,40.756014,-73.967416,22811.0,Subscriber,1985.0,1.0
833247,552.0,2016-03-09 13:45:17,2016-03-09 13:54:29,3140.0,1 Ave & E 78 St,40.77140426,-73.9535166,3148.0,E 84 St & 1 Ave,40.77565541,-73.95068615,22811.0,Customer,,0.0
848422,360.0,2016-03-09 13:20:55,2016-03-09 13:26:56,3147.0,E 85 St & 3 Ave,40.77801203,-73.95407149,3140.0,1 Ave & E 78 St,40.77140426,-73.9535166,22811.0,Subscriber,1981.0,1.0
848426,419.0,2016-03-09 14:24:15,2016-03-09 14:31:15,3147.0,E 85 St & 3 Ave,40.77801203,-73.95407149,3153.0,E 71 St & 2 Ave,40.76817546742245,-73.95910263061523,22811.0,Subscriber,1992.0,2.0
850584,282.0,2016-03-09 14:18:14,2016-03-09 14:22:57,3148.0,E 84 St & 1 Ave,40.77565541,-73.95068615,3147.0,E 85 St & 3 Ave,40.77801203,-73.95407149,22811.0,Subscriber,1964.0,2.0
851941,216.0,2016-03-09 12:58:07,2016-03-09 13:01:44,3150.0,E 85 St & York Ave,40.77536905,-73.94803392,3147.0,E 85 St & 3 Ave,40.77801203,-73.95407149,22811.0,Subscriber,1989.0,2.0
854330,536.0,2016-03-09 15:08:35,2016-03-09 15:17:32,3153.0,E 71 St & 2 Ave,40.76817546742245,-73.95910263061523,441.0,E 52 St & 2 Ave,40.756014,-73.967416,22811.0,Subscriber,1992.0,2.0
870456,1223.0,2016-03-09 20:07:56,2016-03-09 20:28:20,3164.0,Columbus Ave & W 72 St,40.7770575,-73.97898475,297.0,E 15 St & 3 Ave,40.734232,-73.986923,22811.0,Subscriber,1980.0,1.0
883611,2016.0,2016-03-10 09:59:18,2016-03-10 10:32:55,3170.0,W 84 St & Columbus Ave,40.78499979,-73.97283406,368.0,Carmine St & 6 Ave,40.73038599,-74.00214988,22811.0,Subscriber,1977.0,2.0
909265,458.0,2016-03-09 19:11:53,2016-03-09 19:19:31,3233.0,E 48 St & 5 Ave,40.75724567911726,-73.97805914282799,2006.0,Central Park S & 6 Ave,40.76590936,-73.97634151,22811.0,Subscriber,1957.0,1.0
7094,212.0,2016-03-10 08:55:37,2016-03-10 08:59:10,116.0,W 17 St & 8 Ave,40.74177603,-74.00149746,462.0,W 22 St & 10 Ave,40.74691959,-74.00451887,22846.0,Subscriber,1986.0,1.0
52849,755.0,2016-03-10 10:58:03,2016-03-10 11:10:38,168.0,W 18 St & 6 Ave,40.73971301,-73.99456405,253.0,W 13 St & 5 Ave,40.73543934,-73.99453948,22846.0,Subscriber,1983.0,1.0
57605,967.0,2016-03-09 09:07:24,2016-03-09 09:23:31,173.0,Broadway & W 49 St,40.76068327096592,-73.98452728986742,2004.0,6 Ave & Broome St,40.724399,-74.004704,22846.0,Subscriber,1960.0,1.0
61157,409.0,2016-03-08 09:39:51,2016-03-08 09:46:40,174.0,E 25 St & 1 Ave,40.7381765,-73.97738662,472.0,E 32 St & Park Ave,40.745712100000006,-73.98194829,22846.0,Subscriber,1963.0,2.0
77968,1524.0,2016-03-10 18:08:40,2016-03-10 18:34:04,228.0,E 48 St & 3 Ave,40.7546011026,-73.971878855,356.0,Bialystoker Pl & Delancey St,40.71622644,-73.98261206,22846.0,Subscriber,1981.0,1.0
113719,344.0,2016-03-10 16:45:55,2016-03-10 16:51:40,253.0,W 13 St & 5 Ave,40.73543934,-73.99453948,336.0,Sullivan St & Washington Sq,40.73047747,-73.99906065,22846.0,Subscriber,1994.0,1.0
118524,844.0,2016-03-10 17:15:47,2016-03-10 17:29:51,257.0,Lispenard St & Broadway,40.71939226,-74.00247214,308.0,St James Pl & Oliver St,40.71307916,-73.99851193,22846.0,Subscriber,1968.0,1.0
163253,174.0,2016-03-11 08:08:08,2016-03-11 08:11:02,291.0,Madison St & Montgomery St,40.713126,-73.984844,307.0,Canal St & Rutgers St,40.71427487,-73.98990025,22846.0,Subscriber,1970.0,2.0
174055,318.0,2016-03-10 22:45:23,2016-03-10 22:50:42,296.0,Division St & Bowery,40.71413089,-73.99704679999999,291.0,Madison St & Montgomery St,40.713126,-73.984844,22846.0,Subscriber,1966.0,2.0
196423,163.0,2016-03-11 08:14:03,2016-03-11 08:16:46,307.0,Canal St & Rutgers St,40.71427487,-73.98990025,412.0,Forsyth St & Canal St,40.715815500000005,-73.99422366,22846.0,Subscriber,1970.0,2.0
198978,1520.0,2016-03-10 17:41:41,2016-03-10 18:07:01,308.0,St James Pl & Oliver St,40.71307916,-73.99851193,228.0,E 48 St & 3 Ave,40.7546011026,-73.971878855,22846.0,Subscriber,1972.0,2.0
210831,2055.0,2016-03-11 16:56:43,2016-03-11 17:30:59,315.0,South St & Gouverneur Ln,40.70355377,-74.00670227,545.0,E 23 St & 1 Ave,40.736502,-73.97809472,22846.0,Customer,,0.0
230753,609.0,2016-03-09 16:23:10,2016-03-09 16:33:20,327.0,Vesey Pl & River Terrace,40.715337899999994,-74.01658354,2004.0,6 Ave & Broome St,40.724399,-74.004704,22846.0,Subscriber,1980.0,1.0
250926,451.0,2016-03-10 17:05:05,2016-03-10 17:12:37,336.0,Sullivan St & Washington Sq,40.73047747,-73.99906065,257.0,Lispenard St & Broadway,40.71939226,-74.00247214,22846.0,Subscriber,1956.0,1.0
272365,1622.0,2016-03-11 11:00:45,2016-03-11 11:27:47,349.0,Rivington St & Ridge St,40.71850211,-73.98329859,315.0,South St & Gouverneur Ln,40.70355377,-74.00670227,22846.0,Customer,,0.0
283442,495.0,2016-03-10 22:31:02,2016-03-10 22:39:17,356.0,Bialystoker Pl & Delancey St,40.71622644,-73.98261206,296.0,Division St & Bowery,40.71413089,-73.99704679999999,22846.0,Subscriber,1978.0,0.0
300395,261.0,2016-03-07 13:22:06,2016-03-07 13:26:28,362.0,Broadway & W 37 St,40.75172632,-73.98753523,493.0,W 45 St & 6 Ave,40.7568001,-73.98291153,22846.0,Subscriber,1961.0,1.0
335632,471.0,2016-03-08 11:42:45,2016-03-08 11:50:37,383.0,Greenwich Ave & Charles St,40.735238,-74.000271,439.0,E 4 St & 2 Ave,40.726280700000004,-73.98978041,22846.0,Subscriber,1985.0,2.0
350924,368.0,2016-03-12 21:15:54,2016-03-12 21:22:02,389.0,Broadway & Berry St,40.71044554,-73.96525063,3093.0,N 6 St & Bedford Ave,40.71745169,-73.95850939,22846.0,Subscriber,1985.0,1.0
355006,1425.0,2016-03-11 20:22:57,2016-03-11 20:46:42,393.0,E 5 St & Avenue C,40.72299208,-73.97995466,459.0,W 20 St & 11 Ave,40.746745000000004,-74.007756,22846.0,Subscriber,1985.0,2.0
378099,1240.0,2016-03-09 17:57:43,2016-03-09 18:18:23,410.0,Suffolk St & Stanton St,40.72066442,-73.98517977,410.0,Suffolk St & Stanton St,40.72066442,-73.98517977,22846.0,Subscriber,1987.0,2.0
378147,1108.0,2016-03-10 08:24:18,2016-03-10 08:42:47,410.0,Suffolk St & Stanton St,40.72066442,-73.98517977,116.0,W 17 St & 8 Ave,40.74177603,-74.00149746,22846.0,Subscriber,1971.0,1.0
382294,1081.0,2016-03-11 08:23:43,2016-03-11 08:41:45,412.0,Forsyth St & Canal St,40.715815500000005,-73.99422366,540.0,Lexington Ave & E 29 St,40.74311555376486,-73.98215353488922,22846.0,Subscriber,1991.0,1.0
430236,890.0,2016-03-08 11:51:41,2016-03-08 12:06:32,439.0,E 4 St & 2 Ave,40.726280700000004,-73.98978041,501.0,FDR Drive & E 35 St,40.744219,-73.97121214,22846.0,Subscriber,1980.0,2.0
472684,624.0,2016-03-08 14:36:29,2016-03-08 14:46:53,455.0,1 Ave & E 44 St,40.75001986,-73.96905301,492.0,W 33 St & 7 Ave,40.75019995,-73.99093085,22846.0,Subscriber,1989.0,1.0
484671,893.0,2016-03-11 20:51:07,2016-03-11 21:06:01,459.0,W 20 St & 11 Ave,40.746745000000004,-74.007756,537.0,Lexington Ave & E 24 St,40.74025878,-73.98409214,22846.0,Subscriber,1990.0,2.0
490544,1853.0,2016-03-08 10:26:22,2016-03-08 10:57:16,461.0,E 20 St & 2 Ave,40.73587678,-73.98205027,469.0,Broadway & W 53 St,40.76344058,-73.98268129,22846.0,Subscriber,1960.0,1.0
494580,398.0,2016-03-10 08:59:20,2016-03-10 09:05:59,462.0,W 22 St & 10 Ave,40.74691959,-74.00451887,168.0,W 18 St & 6 Ave,40.73971301,-73.99456405,22846.0,Subscriber,1968.0,2.0
513091,284.0,2016-03-08 10:57:38,2016-03-08 11:02:22,469.0,Broadway & W 53 St,40.76344058,-73.98268129,479.0,9 Ave & W 45 St,40.76019252,-73.9912551,22846.0,Subscriber,1983.0,1.0
519487,300.0,2016-03-08 09:48:56,2016-03-08 09:53:57,472.0,E 32 St & Park Ave,40.745712100000006,-73.98194829,536.0,1 Ave & E 30 St,40.74144387,-73.97536082,22846.0,Subscriber,1978.0,1.0
535843,265.0,2016-03-08 20:12:39,2016-03-08 20:17:05,477.0,W 41 St & 8 Ave,40.75640548,-73.9900262,478.0,11 Ave & W 41 St,40.76030096,-73.99884222,22846.0,Subscriber,1979.0,1.0
540783,533.0,2016-03-09 07:34:42,2016-03-09 07:43:36,478.0,11 Ave & W 41 St,40.76030096,-73.99884222,484.0,W 44 St & 5 Ave,40.75500254,-73.98014437,22846.0,Subscriber,1988.0,1.0
543811,1510.0,2016-03-08 11:09:19,2016-03-08 11:34:29,479.0,9 Ave & W 45 St,40.76019252,-73.9912551,383.0,Greenwich Ave & Charles St,40.735238,-74.000271,22846.0,Customer,,0.0
547608,528.0,2016-03-08 16:56:31,2016-03-08 17:05:19,480.0,W 53 St & 10 Ave,40.76669671,-73.99061728,490.0,8 Ave & W 33 St,40.751551,-73.993934,22846.0,Subscriber,1977.0,1.0
547674,291.0,2016-03-09 08:04:37,2016-03-09 08:09:28,480.0,W 53 St & 10 Ave,40.76669671,-73.99061728,173.0,Broadway & W 49 St,40.76068327096592,-73.98452728986742,22846.0,Subscriber,1961.0,1.0
555312,138.0,2016-03-11 09:32:30,2016-03-11 09:34:49,483.0,E 12 St & 3 Ave,40.73223272,-73.98889957,497.0,E 17 St & Broadway,40.73704984,-73.99009296,22846.0,Subscriber,1990.0,1.0
558822,507.0,2016-03-09 07:45:35,2016-03-09 07:54:03,484.0,W 44 St & 5 Ave,40.75500254,-73.98014437,480.0,W 53 St & 10 Ave,40.76669671,-73.99061728,22846.0,Subscriber,1986.0,1.0
579559,225.0,2016-03-08 19:59:32,2016-03-08 20:03:17,490.0,8 Ave & W 33 St,40.751551,-73.993934,465.0,Broadway & W 41 St,40.75513557,-73.98658032,22846.0,Subscriber,1970.0,1.0
584547,426.0,2016-03-07 13:03:18,2016-03-07 13:10:24,491.0,E 24 St & Park Ave S,40.74096374,-73.98602213,362.0,Broadway & W 37 St,40.75172632,-73.98753523,22846.0,Subscriber,1994.0,1.0
592173,597.0,2016-03-07 14:42:44,2016-03-07 14:52:42,493.0,W 45 St & 6 Ave,40.7568001,-73.98291153,2017.0,E 43 St & 2 Ave,40.75022392,-73.97121414,22846.0,Subscriber,1957.0,1.0
607516,798.0,2016-03-11 09:59:38,2016-03-11 10:12:56,497.0,E 17 St & Broadway,40.73704984,-73.99009296,349.0,Rivington St & Ridge St,40.71850211,-73.98329859,22846.0,Subscriber,1990.0,1.0
620033,351.0,2016-03-07 07:38:39,2016-03-07 07:44:31,500.0,Broadway & W 51 St,40.76228826,-73.98336183,522.0,E 51 St & Lexington Ave,40.75714758,-73.97207836,22846.0,Subscriber,1968.0,1.0
622685,380.0,2016-03-08 12:45:39,2016-03-08 12:51:59,501.0,FDR Drive & E 35 St,40.744219,-73.97121214,455.0,1 Ave & E 44 St,40.75001986,-73.96905301,22846.0,Subscriber,1978.0,1.0
631006,180.0,2016-03-08 09:21:28,2016-03-08 09:24:29,504.0,1 Ave & E 15 St,40.73221853,-73.98165557,174.0,E 25 St & 1 Ave,40.7381765,-73.97738662,22846.0,Subscriber,1977.0,1.0
693905,541.0,2016-03-07 12:25:14,2016-03-07 12:34:15,522.0,E 51 St & Lexington Ave,40.75714758,-73.97207836,491.0,E 24 St & Park Ave S,40.74096374,-73.98602213,22846.0,Subscriber,1962.0,1.0
730365,319.0,2016-03-08 10:14:35,2016-03-08 10:19:55,536.0,1 Ave & E 30 St,40.74144387,-73.97536082,461.0,E 20 St & 2 Ave,40.73587678,-73.98205027,22846.0,Subscriber,1954.0,1.0
735054,2208.0,2016-03-11 21:14:58,2016-03-11 21:51:47,537.0,Lexington Ave & E 24 St,40.74025878,-73.98409214,3087.0,Metropolitan Ave & Meeker Ave,40.71413311,-73.95234386,22846.0,Subscriber,1970.0,1.0
740622,304.0,2016-03-11 09:17:50,2016-03-11 09:22:54,540.0,Lexington Ave & E 29 St,40.74311555376486,-73.98215353488922,483.0,E 12 St & 3 Ave,40.73223272,-73.98889957,22846.0,Subscriber,1993.0,1.0
744098,492.0,2016-03-11 17:32:35,2016-03-11 17:40:47,545.0,E 23 St & 1 Ave,40.736502,-73.97809472,393.0,E 5 St & Avenue C,40.72299208,-73.97995466,22846.0,Subscriber,1990.0,2.0
757116,525.0,2016-03-09 15:57:12,2016-03-09 16:05:58,2004.0,6 Ave & Broome St,40.724399,-74.004704,327.0,Vesey Pl & River Terrace,40.715337899999994,-74.01658354,22846.0,Subscriber,1980.0,1.0
757131,675.0,2016-03-09 17:23:45,2016-03-09 17:35:00,2004.0,6 Ave & Broome St,40.724399,-74.004704,410.0,Suffolk St & Stanton St,40.72066442,-73.98517977,22846.0,Subscriber,1966.0,1.0
772723,617.0,2016-03-07 15:05:12,2016-03-07 15:15:30,2017.0,E 43 St & 2 Ave,40.75022392,-73.97121414,477.0,W 41 St & 8 Ave,40.75640548,-73.9900262,22846.0,Subscriber,1959.0,1.0
794242,339.0,2016-03-12 10:59:28,2016-03-12 11:05:08,3082.0,Hope St & Union Ave,40.71167351,-73.95141312,389.0,Broadway & Berry St,40.71044554,-73.96525063,22846.0,Subscriber,1989.0,1.0
797081,217.0,2016-03-11 22:39:35,2016-03-11 22:43:13,3087.0,Metropolitan Ave & Meeker Ave,40.71413311,-73.95234386,3096.0,Union Ave & N 12 St,40.71924,-73.95241999999999,22846.0,Subscriber,1985.0,1.0
801975,318.0,2016-03-12 21:51:34,2016-03-12 21:56:52,3093.0,N 6 St & Bedford Ave,40.71745169,-73.95850939,3096.0,Union Ave & N 12 St,40.71924,-73.95241999999999,22846.0,Subscriber,1989.0,2.0
803905,328.0,2016-03-12 09:30:54,2016-03-12 09:36:23,3096.0,Union Ave & N 12 St,40.71924,-73.95241999999999,3082.0,Hope St & Union Ave,40.71167351,-73.95141312,22846.0,Subscriber,1983.0,1.0
845130,1930.0,2016-03-08 08:40:05,2016-03-08 09:12:15,3145.0,E 84 St & Park Ave,40.77862688,-73.95772073,504.0,1 Ave & E 15 St,40.73221853,-73.98165557,22846.0,Subscriber,1985.0,1.0
902769,870.0,2016-03-07 06:36:00,2016-03-07 06:50:31,3230.0,Penn Station Valet,40.751283596962296,-73.99692445993422,500.0,Broadway & W 51 St,40.76228826,-73.98336183,22846.0,Subscriber,1988.0,1.0
49129,533.0,2016-03-08 09:05:09,2016-03-08 09:14:02,167.0,E 39 St & 3 Ave,40.7489006,-73.97604882,435.0,W 21 St & 6 Ave,40.74173969,-73.99415556,22626.0,Subscriber,1953.0,1.0
49194,415.0,2016-03-08 18:05:59,2016-03-08 18:12:55,167.0,E 39 St & 3 Ave,40.7489006,-73.97604882,498.0,Broadway & W 32 St,40.74854862,-73.98808416,22626.0,Subscriber,1981.0,1.0
63816,1115.0,2016-03-11 15:37:34,2016-03-11 15:56:09,195.0,Liberty St & Broadway,40.70905623,-74.01043382,428.0,E 3 St & 1 Ave,40.72467721,-73.98783413,22626.0,Subscriber,1979.0,1.0
73657,129.0,2016-03-07 18:52:17,2016-03-07 18:54:26,224.0,Spruce St & Nassau St,40.71146364,-74.00552427,279.0,Peck Slip & Front St,40.707873,-74.00166999999999,22626.0,Subscriber,1977.0,1.0
80031,1231.0,2016-03-06 14:35:00,2016-03-06 14:55:31,229.0,Great Jones St,40.72743423,-73.99379025,454.0,E 51 St & 1 Ave,40.75455731,-73.96592976,22626.0,Subscriber,1969.0,1.0
96198,512.0,2016-03-11 18:50:32,2016-03-11 18:59:04,242.0,Carlton Ave & Flushing Ave,40.697787,-73.973736,384.0,Fulton St & Washington Ave,40.683048,-73.964915,22626.0,Subscriber,1979.0,1.0
116264,568.0,2016-03-08 08:07:20,2016-03-08 08:16:49,254.0,W 11 St & 6 Ave,40.73532427,-73.99800419,445.0,E 10 St & Avenue A,40.72740794,-73.98142006,22626.0,Subscriber,1986.0,2.0
128131,218.0,2016-03-07 17:15:31,2016-03-07 17:19:09,264.0,Maiden Ln & Pearl St,40.70706456,-74.00731853,304.0,Broadway & Battery Pl,40.70463334,-74.01361706,22626.0,Subscriber,1969.0,1.0
138192,580.0,2016-03-12 13:45:31,2016-03-12 13:55:12,270.0,Adelphi St & Myrtle Ave,40.69308257,-73.97178913,289.0,Monroe St & Classon Ave,40.684568299999995,-73.95881081,22626.0,Subscriber,1973.0,1.0
139750,358.0,2016-03-12 12:00:45,2016-03-12 12:06:43,275.0,Washington Ave & Greene Ave,40.68650065,-73.96563307,270.0,Adelphi St & Myrtle Ave,40.69308257,-73.97178913,22626.0,Subscriber,1990.0,1.0
141663,353.0,2016-03-09 09:15:14,2016-03-09 09:21:07,278.0,Concord St & Bridge St,40.69766564,-73.98476437,2000.0,Front St & Washington St,40.70255088,-73.98940236,22626.0,Subscriber,1982.0,1.0
142417,1283.0,2016-03-07 19:03:31,2016-03-07 19:24:54,279.0,Peck Slip & Front St,40.707873,-74.00166999999999,507.0,E 25 St & 2 Ave,40.73912601,-73.97973776,22626.0,Subscriber,1978.0,2.0
162680,553.0,2016-03-12 14:14:54,2016-03-12 14:24:07,289.0,Monroe St & Classon Ave,40.684568299999995,-73.95881081,397.0,Fulton St & Clermont Ave,40.68415748,-73.96922273,22626.0,Subscriber,1984.0,2.0
182240,360.0,2016-03-06 13:29:14,2016-03-06 13:35:14,301.0,E 2 St & Avenue B,40.72217444,-73.98368779,229.0,Great Jones St,40.72743423,-73.99379025,22626.0,Subscriber,1981.0,1.0
188911,1259.0,2016-03-07 17:52:28,2016-03-07 18:13:28,304.0,Broadway & Battery Pl,40.70463334,-74.01361706,224.0,Spruce St & Nassau St,40.71146364,-74.00552427,22626.0,Customer,,0.0
273381,214.0,2016-03-06 21:26:18,2016-03-06 21:29:53,350.0,Clinton St & Grand St,40.71559509,-73.9870295,400.0,Pitt St & Stanton St,40.71926081,-73.98178024,22626.0,Subscriber,1988.0,1.0
305505,488.0,2016-03-11 17:49:54,2016-03-11 17:58:03,366.0,Clinton Ave & Myrtle Ave,40.693261,-73.968896,430.0,York St & Jay St,40.7014851,-73.98656928,22626.0,Subscriber,1982.0,2.0
338476,410.0,2016-03-11 17:27:45,2016-03-11 17:34:35,384.0,Fulton St & Washington Ave,40.683048,-73.964915,366.0,Clinton Ave & Myrtle Ave,40.693261,-73.968896,22626.0,Customer,,0.0
338481,234.0,2016-03-11 19:04:26,2016-03-11 19:08:21,384.0,Fulton St & Washington Ave,40.683048,-73.964915,275.0,Washington Ave & Greene Ave,40.68650065,-73.96563307,22626.0,Subscriber,1978.0,2.0
361762,1241.0,2016-03-07 08:07:06,2016-03-07 08:27:47,400.0,Pitt St & Stanton St,40.71926081,-73.98178024,264.0,Maiden Ln & Pearl St,40.70706456,-74.00731853,22626.0,Subscriber,1966.0,1.0
362702,259.0,2016-03-06 19:10:19,2016-03-06 19:14:39,401.0,Allen St & Rivington St,40.72019576,-73.98997825,350.0,Clinton St & Grand St,40.71559509,-73.9870295,22626.0,Subscriber,1982.0,1.0
372450,1439.0,2016-03-11 14:30:55,2016-03-11 14:54:55,405.0,Washington St & Gansevoort St,40.739323,-74.008119,195.0,Liberty St & Broadway,40.70905623,-74.01043382,22626.0,Subscriber,1958.0,2.0
403913,1789.0,2016-03-11 16:49:10,2016-03-11 17:18:59,428.0,E 3 St & 1 Ave,40.72467721,-73.98783413,384.0,Fulton St & Washington Ave,40.683048,-73.964915,22626.0,Subscriber,1985.0,1.0
406845,327.0,2016-03-11 18:11:43,2016-03-11 18:17:11,430.0,York St & Jay St,40.7014851,-73.98656928,242.0,Carlton Ave & Flushing Ave,40.697787,-73.973736,22626.0,Subscriber,1985.0,1.0
419634,314.0,2016-03-08 10:27:15,2016-03-08 10:32:29,435.0,W 21 St & 6 Ave,40.74173969,-73.99415556,482.0,W 15 St & 7 Ave,40.73935542,-73.99931783,22626.0,Subscriber,1984.0,1.0
448703,1009.0,2016-03-08 08:17:30,2016-03-08 08:34:20,445.0,E 10 St & Avenue A,40.72740794,-73.98142006,167.0,E 39 St & 3 Ave,40.7489006,-73.97604882,22626.0,Subscriber,1988.0,1.0
471030,825.0,2016-03-06 15:22:03,2016-03-06 15:35:48,454.0,E 51 St & 1 Ave,40.75455731,-73.96592976,526.0,E 33 St & 5 Ave,40.74765947,-73.98490707,22626.0,Subscriber,1985.0,1.0
536455,629.0,2016-03-11 05:42:57,2016-03-11 05:53:26,477.0,W 41 St & 8 Ave,40.75640548,-73.9900262,2006.0,Central Park S & 6 Ave,40.76590936,-73.97634151,22626.0,Subscriber,1956.0,1.0
551221,1181.0,2016-03-08 10:40:03,2016-03-08 10:59:44,482.0,W 15 St & 7 Ave,40.73935542,-73.99931783,3136.0,5 Ave & E 63 St,40.76650452,-73.97147595,22626.0,Subscriber,1992.0,2.0
568658,1619.0,2016-03-11 06:43:30,2016-03-11 07:10:29,487.0,E 20 St & FDR Drive,40.73314259,-73.97573881,534.0,Water - Whitehall Plaza,40.70255065,-74.0127234,22626.0,Subscriber,1960.0,1.0
613115,1612.0,2016-03-08 18:14:00,2016-03-08 18:40:52,498.0,Broadway & W 32 St,40.74854862,-73.98808416,278.0,Concord St & Bridge St,40.69766564,-73.98476437,22626.0,Subscriber,1993.0,1.0
616718,1661.0,2016-03-08 13:01:16,2016-03-08 13:28:58,499.0,Broadway & W 60 St,40.76915505,-73.98191841,3165.0,Central Park West & W 72 St,40.77579376683666,-73.97620573639871,22626.0,Customer,,0.0
620227,739.0,2016-03-08 17:19:51,2016-03-08 17:32:10,500.0,Broadway & W 51 St,40.76228826,-73.98336183,518.0,E 39 St & 2 Ave,40.74780373,-73.97344190000001,22626.0,Subscriber,1974.0,1.0
639731,1323.0,2016-03-07 19:29:37,2016-03-07 19:51:40,507.0,E 25 St & 2 Ave,40.73912601,-73.97973776,254.0,W 11 St & 6 Ave,40.73532427,-73.99800419,22626.0,Subscriber,1986.0,1.0
670398,145.0,2016-03-08 17:37:36,2016-03-08 17:40:02,518.0,E 39 St & 2 Ave,40.74780373,-73.97344190000001,167.0,E 39 St & 3 Ave,40.7489006,-73.97604882,22626.0,Subscriber,1987.0,1.0
706244,1292.0,2016-03-06 17:45:10,2016-03-06 18:06:43,526.0,E 33 St & 5 Ave,40.74765947,-73.98490707,401.0,Allen St & Rivington St,40.72019576,-73.98997825,22626.0,Subscriber,1974.0,1.0
723850,946.0,2016-03-06 13:04:46,2016-03-06 13:20:33,532.0,S 5 Pl & S 4 St,40.710451,-73.960876,301.0,E 2 St & Avenue B,40.72217444,-73.98368779,22626.0,Customer,,0.0
728816,1542.0,2016-03-11 13:09:18,2016-03-11 13:35:00,534.0,Water - Whitehall Plaza,40.70255065,-74.0127234,405.0,Washington St & Gansevoort St,40.739323,-74.008119,22626.0,Customer,,0.0
759974,2168.0,2016-03-11 06:04:22,2016-03-11 06:40:30,2006.0,Central Park S & 6 Ave,40.76590936,-73.97634151,487.0,E 20 St & FDR Drive,40.73314259,-73.97573881,22626.0,Subscriber,1960.0,1.0
827319,552.0,2016-03-08 12:41:26,2016-03-08 12:50:39,3136.0,5 Ave & E 63 St,40.76650452,-73.97147595,499.0,Broadway & W 60 St,40.76915505,-73.98191841,22626.0,Subscriber,1982.0,2.0
864497,102.0,2016-03-08 14:17:35,2016-03-08 14:19:17,3160.0,Central Park West & W 76 St,40.77896784,-73.97374737,3160.0,Central Park West & W 76 St,40.77896784,-73.97374737,22626.0,Customer,,0.0
864503,1065.0,2016-03-08 14:20:50,2016-03-08 14:38:35,3160.0,Central Park West & W 76 St,40.77896784,-73.97374737,500.0,Broadway & W 51 St,40.76228826,-73.98336183,22626.0,Customer,,0.0
872187,311.0,2016-03-08 13:34:15,2016-03-08 13:39:26,3165.0,Central Park West & W 72 St,40.77579376683666,-73.97620573639871,3160.0,Central Park West & W 76 St,40.77896784,-73.97374737,22626.0,Customer,,0.0
12357,688.0,2016-03-10 08:57:55,2016-03-10 09:09:23,127.0,Barrow St & Hudson St,40.73172428,-74.00674436,3002.0,South End Ave & Liberty St,40.711512,-74.01575600000001,16241.0,Subscriber,1983.0,2.0
16554,724.0,2016-03-08 18:05:35,2016-03-08 18:17:40,128.0,MacDougal St & Prince St,40.72710258,-74.00297088,490.0,8 Ave & W 33 St,40.751551,-73.993934,16241.0,Subscriber,1993.0,2.0
31549,511.0,2016-03-11 18:12:41,2016-03-11 18:21:13,151.0,Cleveland Pl & Spring St,40.72210378668603,-73.99724900722505,502.0,Henry St & Grand St,40.714215,-73.981346,16241.0,Subscriber,1979.0,1.0
81018,214.0,2016-03-12 17:39:55,2016-03-12 17:43:30,229.0,Great Jones St,40.72743423,-73.99379025,336.0,Sullivan St & Washington Sq,40.73047747,-73.99906065,16241.0,Subscriber,1986.0,1.0
102867,193.0,2016-03-08 20:21:07,2016-03-08 20:24:20,250.0,Lafayette St & Jersey St,40.72456089,-73.99565293,336.0,Sullivan St & Washington Sq,40.73047747,-73.99906065,16241.0,Subscriber,1972.0,1.0
113496,726.0,2016-03-08 19:41:56,2016-03-08 19:54:02,253.0,W 13 St & 5 Ave,40.73543934,-73.99453948,312.0,Allen St & Stanton St,40.722055,-73.989111,16241.0,Subscriber,1958.0,1.0
118191,1505.0,2016-03-07 11:22:26,2016-03-07 11:47:32,257.0,Lispenard St & Broadway,40.71939226,-74.00247214,532.0,S 5 Pl & S 4 St,40.710451,-73.960876,16241.0,Customer,,0.0
135440,823.0,2016-03-06 14:05:50,2016-03-06 14:19:33,268.0,Howard St & Centre St,40.71910537,-73.99973337,376.0,John St & William St,40.70862144,-74.00722156,16241.0,Subscriber,1995.0,2.0
145161,1990.0,2016-03-12 15:13:22,2016-03-12 15:46:32,280.0,E 10 St & 5 Ave,40.73331967,-73.99510132,481.0,S 3 St & Bedford Ave,40.71260486,-73.96264403,16241.0,Subscriber,1984.0,2.0
157326,628.0,2016-03-06 07:25:00,2016-03-06 07:35:29,285.0,Broadway & E 14 St,40.73454567,-73.99074142,355.0,Bayard St & Baxter St,40.71602118,-73.99974372,16241.0,Subscriber,1957.0,1.0
165675,332.0,2016-03-08 19:32:05,2016-03-08 19:37:37,293.0,Lafayette St & E 8 St,40.73028666,-73.9907647,253.0,W 13 St & 5 Ave,40.73543934,-73.99453948,16241.0,Subscriber,1959.0,2.0
173800,305.0,2016-03-07 10:10:34,2016-03-07 10:15:40,296.0,Division St & Bowery,40.71413089,-73.99704679999999,257.0,Lispenard St & Broadway,40.71939226,-74.00247214,16241.0,Subscriber,1983.0,2.0
189220,10156.0,2016-03-10 16:15:33,2016-03-10 19:04:50,304.0,Broadway & Battery Pl,40.70463334,-74.01361706,304.0,Broadway & Battery Pl,40.70463334,-74.01361706,16241.0,Customer,,0.0
189272,269.0,2016-03-10 19:07:50,2016-03-10 19:12:20,304.0,Broadway & Battery Pl,40.70463334,-74.01361706,360.0,William St & Pine St,40.70717936,-74.00887308,16241.0,Subscriber,1967.0,1.0
205936,260.0,2016-03-08 20:12:13,2016-03-08 20:16:34,312.0,Allen St & Stanton St,40.722055,-73.989111,250.0,Lafayette St & Jersey St,40.72456089,-73.99565293,16241.0,Subscriber,1964.0,1.0
205966,230.0,2016-03-09 08:12:17,2016-03-09 08:16:08,312.0,Allen St & Stanton St,40.722055,-73.989111,439.0,E 4 St & 2 Ave,40.726280700000004,-73.98978041,16241.0,Subscriber,1991.0,1.0
250710,132.0,2016-03-08 20:29:10,2016-03-08 20:31:22,336.0,Sullivan St & Washington Sq,40.73047747,-73.99906065,375.0,Mercer St & Bleecker St,40.72679454,-73.99695094,16241.0,Subscriber,1985.0,1.0
251102,280.0,2016-03-12 11:32:03,2016-03-12 11:36:44,336.0,Sullivan St & Washington Sq,40.73047747,-73.99906065,383.0,Greenwich Ave & Charles St,40.735238,-74.000271,16241.0,Subscriber,1970.0,1.0
281113,107.0,2016-03-06 13:17:11,2016-03-06 13:18:59,355.0,Bayard St & Baxter St,40.71602118,-73.99974372,268.0,Howard St & Centre St,40.71910537,-73.99973337,16241.0,Subscriber,1981.0,1.0
296265,1137.0,2016-03-10 19:24:25,2016-03-10 19:43:23,360.0,William St & Pine St,40.70717936,-74.00887308,537.0,Lexington Ave & E 24 St,40.74025878,-73.98409214,16241.0,Subscriber,1978.0,1.0
317006,370.0,2016-03-08 20:53:34,2016-03-08 20:59:44,375.0,Mercer St & Bleecker St,40.72679454,-73.99695094,312.0,Allen St & Stanton St,40.722055,-73.989111,16241.0,Subscriber,1985.0,2.0
318041,1160.0,2016-03-06 18:39:03,2016-03-06 18:58:23,376.0,John St & William St,40.70862144,-74.00722156,296.0,Division St & Bowery,40.71413089,-73.99704679999999,16241.0,Subscriber,1984.0,2.0
319996,1241.0,2016-03-09 17:09:32,2016-03-09 17:30:13,377.0,6 Ave & Canal St,40.72243797,-74.00566443,465.0,Broadway & W 41 St,40.75513557,-73.98658032,16241.0,Subscriber,1986.0,1.0
336133,132.0,2016-03-12 11:50:58,2016-03-12 11:53:11,383.0,Greenwich Ave & Charles St,40.735238,-74.000271,280.0,E 10 St & 5 Ave,40.73331967,-73.99510132,16241.0,Subscriber,1972.0,1.0
377918,651.0,2016-03-08 08:58:42,2016-03-08 09:09:34,410.0,Suffolk St & Stanton St,40.72066442,-73.98517977,128.0,MacDougal St & Prince St,40.72710258,-74.00297088,16241.0,Subscriber,1981.0,1.0
430344,605.0,2016-03-09 08:32:51,2016-03-09 08:42:57,439.0,E 4 St & 2 Ave,40.726280700000004,-73.98978041,377.0,6 Ave & Canal St,40.72243797,-74.00566443,16241.0,Subscriber,1991.0,2.0
457025,1623.0,2016-03-08 18:41:18,2016-03-08 19:08:22,447.0,8 Ave & W 52 St,40.76370739,-73.9851615,293.0,Lafayette St & E 8 St,40.73028666,-73.9907647,16241.0,Subscriber,1977.0,1.0
468062,560.0,2016-03-10 08:46:00,2016-03-10 08:55:21,453.0,W 22 St & 8 Ave,40.74475148,-73.99915362,127.0,Barrow St & Hudson St,40.73172428,-74.00674436,16241.0,Subscriber,1976.0,1.0
502149,281.0,2016-03-09 17:39:53,2016-03-09 17:44:35,465.0,Broadway & W 41 St,40.75513557,-73.98658032,492.0,W 33 St & 7 Ave,40.75019995,-73.99093085,16241.0,Subscriber,1961.0,1.0
541027,1533.0,2016-03-11 05:35:22,2016-03-11 06:00:56,478.0,11 Ave & W 41 St,40.76030096,-73.99884222,534.0,Water - Whitehall Plaza,40.70255065,-74.0127234,16241.0,Subscriber,1983.0,1.0
544073,480.0,2016-03-09 19:35:54,2016-03-09 19:43:54,479.0,9 Ave & W 45 St,40.76019252,-73.9912551,509.0,9 Ave & W 22 St,40.7454973,-74.00197139,16241.0,Subscriber,1984.0,1.0
544094,669.0,2016-03-09 22:12:07,2016-03-09 22:23:17,479.0,9 Ave & W 45 St,40.76019252,-73.9912551,453.0,W 22 St & 8 Ave,40.74475148,-73.99915362,16241.0,Subscriber,1958.0,1.0
549928,1628.0,2016-03-12 16:40:31,2016-03-12 17:07:39,481.0,S 3 St & Bedford Ave,40.71260486,-73.96264403,229.0,Great Jones St,40.72743423,-73.99379025,16241.0,Customer,,0.0
579529,943.0,2016-03-08 18:23:56,2016-03-08 18:39:39,490.0,8 Ave & W 33 St,40.751551,-73.993934,447.0,8 Ave & W 52 St,40.76370739,-73.9851615,16241.0,Customer,,0.0
588315,558.0,2016-03-09 17:49:58,2016-03-09 17:59:17,492.0,W 33 St & 7 Ave,40.75019995,-73.99093085,479.0,9 Ave & W 45 St,40.76019252,-73.9912551,16241.0,Subscriber,1979.0,1.0
613548,1326.0,2016-03-10 20:39:07,2016-03-10 21:01:14,498.0,Broadway & W 32 St,40.74854862,-73.98808416,478.0,11 Ave & W 41 St,40.76030096,-73.99884222,16241.0,Subscriber,1980.0,2.0
625258,751.0,2016-03-12 10:38:53,2016-03-12 10:51:25,502.0,Henry St & Grand St,40.714215,-73.981346,336.0,Sullivan St & Washington Sq,40.73047747,-73.99906065,16241.0,Subscriber,1977.0,1.0
645772,606.0,2016-03-09 21:46:59,2016-03-09 21:57:05,509.0,9 Ave & W 22 St,40.7454973,-74.00197139,479.0,9 Ave & W 45 St,40.76019252,-73.9912551,16241.0,Subscriber,1982.0,1.0
677189,1086.0,2016-03-10 19:55:02,2016-03-10 20:13:08,519.0,Pershing Square North,40.751872999999996,-73.97770600000001,3224.0,W 13 St & Hudson St,40.73997354103409,-74.00513872504234,16241.0,Subscriber,1991.0,1.0
723927,830.0,2016-03-07 19:20:29,2016-03-07 19:34:20,532.0,S 5 Pl & S 4 St,40.710451,-73.960876,410.0,Suffolk St & Stanton St,40.72066442,-73.98517977,16241.0,Subscriber,1984.0,2.0
728839,800.0,2016-03-11 17:41:41,2016-03-11 17:55:01,534.0,Water - Whitehall Plaza,40.70255065,-74.0127234,151.0,Cleveland Pl & Spring St,40.72210378668603,-73.99724900722505,16241.0,Subscriber,1989.0,1.0
734824,663.0,2016-03-10 19:43:45,2016-03-10 19:54:48,537.0,Lexington Ave & E 24 St,40.74025878,-73.98409214,519.0,Pershing Square North,40.751872999999996,-73.97770600000001,16241.0,Subscriber,1972.0,1.0
780229,1674.0,2016-03-10 15:19:38,2016-03-10 15:47:32,3002.0,South End Ave & Liberty St,40.711512,-74.01575600000001,304.0,Broadway & Battery Pl,40.70463334,-74.01361706,16241.0,Customer,,0.0
899468,754.0,2016-03-10 20:23:31,2016-03-10 20:36:05,3224.0,W 13 St & Hudson St,40.73997354103409,-74.00513872504234,498.0,Broadway & W 32 St,40.74854862,-73.98808416,16241.0,Subscriber,1981.0,1.0
7380,632.0,2016-03-11 14:09:15,2016-03-11 14:19:47,116.0,W 17 St & 8 Ave,40.74177603,-74.00149746,328.0,Watts St & Greenwich St,40.72405549,-74.00965965,22217.0,Subscriber,1991.0,1.0
20120,428.0,2016-03-08 10:59:48,2016-03-08 11:06:57,137.0,E 56 St & Madison Ave,40.761628,-73.972924,516.0,E 47 St & 1 Ave,40.75206862,-73.96784384,22217.0,Subscriber,1956.0,1.0
30858,996.0,2016-03-08 20:18:26,2016-03-08 20:35:02,151.0,Cleveland Pl & Spring St,40.72210378668603,-73.99724900722505,432.0,E 7 St & Avenue A,40.72621788,-73.98379855,22217.0,Subscriber,1987.0,1.0
31809,1161.0,2016-03-12 17:50:15,2016-03-12 18:09:36,151.0,Cleveland Pl & Spring St,40.72210378668603,-73.99724900722505,369.0,Washington Pl & 6 Ave,40.73224119,-74.00026394,22217.0,Customer,,0.0
61079,1830.0,2016-03-07 18:16:49,2016-03-07 18:47:20,174.0,E 25 St & 1 Ave,40.7381765,-73.97738662,369.0,Washington Pl & 6 Ave,40.73224119,-74.00026394,22217.0,Customer,,0.0
89814,876.0,2016-03-10 18:07:07,2016-03-10 18:21:43,237.0,E 11 St & 2 Ave,40.73047309,-73.98672378,307.0,Canal St & Rutgers St,40.71427487,-73.98990025,22217.0,Subscriber,1978.0,1.0
179562,334.0,2016-03-09 18:43:16,2016-03-09 18:48:51,300.0,Shevchenko Pl & E 7 St,40.728145,-73.990214,393.0,E 5 St & Avenue C,40.72299208,-73.97995466,22217.0,Subscriber,1987.0,1.0
196372,1073.0,2016-03-10 18:24:25,2016-03-10 18:42:19,307.0,Canal St & Rutgers St,40.71427487,-73.98990025,545.0,E 23 St & 1 Ave,40.736502,-73.97809472,22217.0,Subscriber,1991.0,1.0
214625,317.0,2016-03-08 16:34:25,2016-03-08 16:39:43,317.0,E 6 St & Avenue B,40.72453734,-73.98185424,483.0,E 12 St & 3 Ave,40.73223272,-73.98889957,22217.0,Subscriber,1995.0,1.0
234900,1020.0,2016-03-11 14:56:27,2016-03-11 15:13:27,328.0,Watts St & Greenwich St,40.72405549,-74.00965965,453.0,W 22 St & 8 Ave,40.74475148,-73.99915362,22217.0,Subscriber,1982.0,2.0
247250,575.0,2016-03-08 17:03:01,2016-03-08 17:12:37,335.0,Washington Pl & Broadway,40.72903917,-73.99404649,453.0,W 22 St & 8 Ave,40.74475148,-73.99915362,22217.0,Subscriber,1972.0,1.0
275440,1492.0,2016-03-10 17:29:40,2016-03-10 17:54:32,351.0,Front St & Maiden Ln,40.70530954,-74.00612572,237.0,E 11 St & 2 Ave,40.73047309,-73.98672378,22217.0,Subscriber,1963.0,1.0
277177,1083.0,2016-03-08 14:18:57,2016-03-08 14:37:01,352.0,W 56 St & 6 Ave,40.76340613,-73.97722479,497.0,E 17 St & Broadway,40.73704984,-73.99009296,22217.0,Subscriber,1985.0,1.0
313896,2156.0,2016-03-07 21:40:45,2016-03-07 22:16:41,369.0,Washington Pl & 6 Ave,40.73224119,-74.00026394,3177.0,W 84 St & Broadway,40.7867947,-73.977112,22217.0,Subscriber,1956.0,2.0
316787,335.0,2016-03-07 09:09:24,2016-03-07 09:15:00,375.0,Mercer St & Bleecker St,40.72679454,-73.99695094,377.0,6 Ave & Canal St,40.72243797,-74.00566443,22217.0,Subscriber,1983.0,1.0
319818,930.0,2016-03-07 17:47:42,2016-03-07 18:03:13,377.0,6 Ave & Canal St,40.72243797,-74.00566443,174.0,E 25 St & 1 Ave,40.7381765,-73.97738662,22217.0,Subscriber,1991.0,1.0
328004,925.0,2016-03-11 21:43:11,2016-03-11 21:58:36,380.0,W 4 St & 7 Ave S,40.73401143,-74.00293877,453.0,W 22 St & 8 Ave,40.74475148,-73.99915362,22217.0,Customer,,0.0
335440,1477.0,2016-03-06 12:41:01,2016-03-06 13:05:39,383.0,Greenwich Ave & Charles St,40.735238,-74.000271,3170.0,W 84 St & Columbus Ave,40.78499979,-73.97283406,22217.0,Subscriber,1990.0,1.0
340025,538.0,2016-03-12 16:50:10,2016-03-12 16:59:09,385.0,E 55 St & 2 Ave,40.75797322,-73.96603308,450.0,W 49 St & 8 Ave,40.76227205,-73.98788205,22217.0,Subscriber,1990.0,1.0
354893,1122.0,2016-03-10 08:16:15,2016-03-10 08:34:58,393.0,E 5 St & Avenue C,40.72299208,-73.97995466,351.0,Front St & Maiden Ln,40.70530954,-74.00612572,22217.0,Subscriber,1989.0,2.0
356414,304.0,2016-03-06 08:58:17,2016-03-06 09:03:22,394.0,E 9 St & Avenue C,40.72521311,-73.97768752,438.0,St Marks Pl & 1 Ave,40.72779126,-73.98564945,22217.0,Subscriber,1967.0,2.0
384849,2370.0,2016-03-09 17:26:30,2016-03-09 18:06:01,415.0,Pearl St & Hanover Square,40.7047177,-74.00926027,468.0,Broadway & W 55 St,40.7652654,-73.98192338,22217.0,Subscriber,1974.0,1.0
416291,829.0,2016-03-11 17:41:41,2016-03-11 17:55:30,434.0,9 Ave & W 18 St,40.74317449,-74.00366443,3235.0,E 41 St & Madison Ave,40.752165280621966,-73.97992193698882,22217.0,Subscriber,1960.0,1.0
416376,1223.0,2016-03-12 13:45:23,2016-03-12 14:05:47,434.0,9 Ave & W 18 St,40.74317449,-74.00366443,3167.0,Amsterdam Ave & W 73 St,40.779668090073116,-73.98093044757842,22217.0,Subscriber,1982.0,1.0
419238,538.0,2016-03-06 16:38:13,2016-03-06 16:47:11,435.0,W 21 St & 6 Ave,40.74173969,-73.99415556,485.0,W 37 St & 5 Ave,40.75038009,-73.98338988,22217.0,Subscriber,1961.0,2.0
427062,523.0,2016-03-06 09:57:17,2016-03-06 10:06:01,438.0,St Marks Pl & 1 Ave,40.72779126,-73.98564945,537.0,Lexington Ave & E 24 St,40.74025878,-73.98409214,22217.0,Subscriber,1980.0,1.0
438780,410.0,2016-03-09 16:25:44,2016-03-09 16:32:34,442.0,W 27 St & 7 Ave,40.746646999999996,-73.993915,505.0,6 Ave & W 33 St,40.74901271,-73.98848395,22217.0,Subscriber,1977.0,1.0
464556,2001.0,2016-03-09 16:50:47,2016-03-09 17:24:08,450.0,W 49 St & 8 Ave,40.76227205,-73.98788205,415.0,Pearl St & Hanover Square,40.7047177,-74.00926027,22217.0,Subscriber,1970.0,1.0
464992,1388.0,2016-03-12 17:26:15,2016-03-12 17:49:24,450.0,W 49 St & 8 Ave,40.76227205,-73.98788205,151.0,Cleveland Pl & Spring St,40.72210378668603,-73.99724900722505,22217.0,Subscriber,1970.0,2.0
467854,138.0,2016-03-08 17:16:03,2016-03-08 17:18:22,453.0,W 22 St & 8 Ave,40.74475148,-73.99915362,462.0,W 22 St & 10 Ave,40.74691959,-74.00451887,22217.0,Subscriber,1969.0,1.0
468289,215.0,2016-03-11 17:31:51,2016-03-11 17:35:26,453.0,W 22 St & 8 Ave,40.74475148,-73.99915362,434.0,9 Ave & W 18 St,40.74317449,-74.00366443,22217.0,Subscriber,1960.0,1.0
468356,208.0,2016-03-12 09:16:45,2016-03-12 09:20:14,453.0,W 22 St & 8 Ave,40.74475148,-73.99915362,459.0,W 20 St & 11 Ave,40.746745000000004,-74.007756,22217.0,Subscriber,1981.0,1.0
477806,1256.0,2016-03-12 15:50:08,2016-03-12 16:11:05,457.0,Broadway & W 58 St,40.76695317,-73.98169333,385.0,E 55 St & 2 Ave,40.75797322,-73.96603308,22217.0,Subscriber,1992.0,1.0
484701,88.0,2016-03-12 09:54:52,2016-03-12 09:56:21,459.0,W 20 St & 11 Ave,40.746745000000004,-74.007756,462.0,W 22 St & 10 Ave,40.74691959,-74.00451887,22217.0,Subscriber,1965.0,1.0
484761,192.0,2016-03-12 13:22:48,2016-03-12 13:26:00,459.0,W 20 St & 11 Ave,40.746745000000004,-74.007756,434.0,9 Ave & W 18 St,40.74317449,-74.00366443,22217.0,Subscriber,1981.0,1.0
494333,751.0,2016-03-08 20:04:13,2016-03-08 20:16:45,462.0,W 22 St & 10 Ave,40.74691959,-74.00451887,151.0,Cleveland Pl & Spring St,40.72210378668603,-73.99724900722505,22217.0,Subscriber,1975.0,1.0
494896,96.0,2016-03-12 10:02:11,2016-03-12 10:03:47,462.0,W 22 St & 10 Ave,40.74691959,-74.00451887,459.0,W 20 St & 11 Ave,40.746745000000004,-74.007756,22217.0,Subscriber,1965.0,1.0
510362,1622.0,2016-03-09 18:14:16,2016-03-09 18:41:18,468.0,Broadway & W 55 St,40.7652654,-73.98192338,300.0,Shevchenko Pl & E 7 St,40.728145,-73.990214,22217.0,Subscriber,1989.0,1.0
515272,1317.0,2016-03-06 14:27:34,2016-03-06 14:49:31,470.0,W 20 St & 8 Ave,40.74345335,-74.00004031,3170.0,W 84 St & Columbus Ave,40.78499979,-73.97283406,22217.0,Subscriber,1987.0,1.0
543584,599.0,2016-03-06 13:47:47,2016-03-06 13:57:46,479.0,9 Ave & W 45 St,40.76019252,-73.9912551,470.0,W 20 St & 8 Ave,40.74345335,-74.00004031,22217.0,Subscriber,1979.0,1.0
543604,411.0,2016-03-06 15:58:53,2016-03-06 16:05:45,479.0,9 Ave & W 45 St,40.76019252,-73.9912551,514.0,12 Ave & W 40 St,40.76087502,-74.00277668,22217.0,Subscriber,1959.0,1.0
547446,882.0,2016-03-07 08:25:28,2016-03-07 08:40:11,480.0,W 53 St & 10 Ave,40.76669671,-73.99061728,517.0,Pershing Square South,40.751581,-73.97791,22217.0,Subscriber,1977.0,1.0
554905,225.0,2016-03-08 16:44:07,2016-03-08 16:47:53,483.0,E 12 St & 3 Ave,40.73223272,-73.98889957,335.0,Washington Pl & Broadway,40.72903917,-73.99404649,22217.0,Subscriber,1996.0,1.0
561762,686.0,2016-03-06 17:22:13,2016-03-06 17:33:40,485.0,W 37 St & 5 Ave,40.75038009,-73.98338988,480.0,W 53 St & 10 Ave,40.76669671,-73.99061728,22217.0,Subscriber,1989.0,2.0
599122,169.0,2016-03-06 15:54:00,2016-03-06 15:56:50,495.0,W 47 St & 10 Ave,40.76269882,-73.99301222,479.0,9 Ave & W 45 St,40.76019252,-73.9912551,22217.0,Subscriber,1968.0,1.0
606721,563.0,2016-03-08 16:06:14,2016-03-08 16:15:37,497.0,E 17 St & Broadway,40.73704984,-73.99009296,317.0,E 6 St & Avenue B,40.72453734,-73.98185424,22217.0,Subscriber,1978.0,1.0
627677,442.0,2016-03-11 08:14:29,2016-03-11 08:21:51,503.0,E 20 St & Park Ave,40.73827428,-73.98751968,116.0,W 17 St & 8 Ave,40.74177603,-74.00149746,22217.0,Subscriber,2000.0,2.0
635843,540.0,2016-03-09 16:33:35,2016-03-09 16:42:35,505.0,6 Ave & W 33 St,40.74901271,-73.98848395,450.0,W 49 St & 8 Ave,40.76227205,-73.98788205,22217.0,Subscriber,1991.0,1.0
652760,982.0,2016-03-09 09:14:53,2016-03-09 09:31:16,511.0,E 14 St & Avenue B,40.72938685,-73.97772429,442.0,W 27 St & 7 Ave,40.746646999999996,-73.993915,22217.0,Subscriber,1983.0,1.0
658169,734.0,2016-03-06 16:06:15,2016-03-06 16:18:29,514.0,12 Ave & W 40 St,40.76087502,-74.00277668,435.0,W 21 St & 6 Ave,40.74173969,-73.99415556,22217.0,Subscriber,1970.0,1.0
665402,998.0,2016-03-08 13:37:29,2016-03-08 13:54:08,516.0,E 47 St & 1 Ave,40.75206862,-73.96784384,352.0,W 56 St & 6 Ave,40.76340613,-73.97722479,22217.0,Customer,,0.0
667131,820.0,2016-03-07 08:40:31,2016-03-07 08:54:11,517.0,Pershing Square South,40.751581,-73.97791,375.0,Mercer St & Bleecker St,40.72679454,-73.99695094,22217.0,Subscriber,1959.0,1.0
733768,608.0,2016-03-06 11:35:44,2016-03-06 11:45:52,537.0,Lexington Ave & E 24 St,40.74025878,-73.98409214,383.0,Greenwich Ave & Charles St,40.735238,-74.000271,22217.0,Subscriber,1977.0,1.0
743943,1527.0,2016-03-10 18:51:29,2016-03-10 19:16:56,545.0,E 23 St & 1 Ave,40.736502,-73.97809472,3238.0,E 80 St & 2 Ave,40.77391390238118,-73.9543953537941,22217.0,Subscriber,1966.0,2.0
747785,777.0,2016-03-11 18:09:56,2016-03-11 18:22:53,546.0,E 30 St & Park Ave S,40.74444921,-73.98303529,380.0,W 4 St & 7 Ave S,40.73401143,-74.00293877,22217.0,Subscriber,1970.0,1.0
858336,1271.0,2016-03-11 07:28:01,2016-03-11 07:49:13,3156.0,E 72 St & York Ave,40.76663814,-73.95348296,503.0,E 20 St & Park Ave,40.73827428,-73.98751968,22217.0,Subscriber,1977.0,1.0
876778,442.0,2016-03-12 15:19:53,2016-03-12 15:27:16,3167.0,Amsterdam Ave & W 73 St,40.779668090073116,-73.98093044757842,457.0,Broadway & W 58 St,40.76695317,-73.98169333,22217.0,Subscriber,1944.0,1.0
883393,914.0,2016-03-06 13:17:27,2016-03-06 13:32:42,3170.0,W 84 St & Columbus Ave,40.78499979,-73.97283406,479.0,9 Ave & W 45 St,40.76019252,-73.9912551,22217.0,Subscriber,1986.0,2.0
883398,408.0,2016-03-06 14:59:48,2016-03-06 15:06:37,3170.0,W 84 St & Columbus Ave,40.78499979,-73.97283406,3175.0,W 70 St & Amsterdam Ave,40.77748046,-73.98288594,22217.0,Subscriber,1991.0,1.0
888900,697.0,2016-03-06 15:20:38,2016-03-06 15:32:15,3175.0,W 70 St & Amsterdam Ave,40.77748046,-73.98288594,495.0,W 47 St & 10 Ave,40.76269882,-73.99301222,22217.0,Subscriber,1963.0,1.0
891991,931.0,2016-03-08 08:21:27,2016-03-08 08:36:59,3177.0,W 84 St & Broadway,40.7867947,-73.977112,137.0,E 56 St & Madison Ave,40.761628,-73.972924,22217.0,Subscriber,1967.0,1.0
911890,271.0,2016-03-11 17:57:41,2016-03-11 18:02:13,3235.0,E 41 St & Madison Ave,40.752165280621966,-73.97992193698882,546.0,E 30 St & Park Ave S,40.74444921,-73.98303529,22217.0,Subscriber,1986.0,1.0
915419,199.0,2016-03-11 07:00:43,2016-03-11 07:04:02,3238.0,E 80 St & 2 Ave,40.77391390238118,-73.9543953537941,3156.0,E 72 St & York Ave,40.76663814,-73.95348296,22217.0,Subscriber,1990.0,1.0
